item,flow,spacing,lenght,diameter,velocity,headloss,time
1.00,0.40,0.20,20.00,13.60,0.07649,0.82,22.61
2.00,0.40,0.30,20.00,13.60,0.05099,1.23,26.31
3.00,0.40,0.40,20.00,13.60,0.03824,1.64,39.21
4.00,0.40,0.50,20.00,13.60,0.03060,2.05,46.61
5.00,0.40,0.60,20.00,13.60,0.02550,2.45,47.77
6.00,0.40,0.70,20.00,13.60,0.02185,2.86,49.85
7.00,0.40,0.80,20.00,13.60,0.01912,3.27,66.52
8.00,0.40,0.90,20.00,13.60,0.01700,3.68,66.38
9.00,0.60,0.20,20.00,13.60,0.11473,0.82,15.07
10.00,0.60,0.30,20.00,13.60,0.07649,1.23,17.54
11.00,0.60,0.40,20.00,13.60,0.05737,1.64,26.14
12.00,0.60,0.50,20.00,13.60,0.04589,2.05,31.08
13.00,0.60,0.60,20.00,13.60,0.03824,2.45,31.84
14.00,0.60,0.70,20.00,13.60,0.03278,2.86,33.24
15.00,0.60,0.80,20.00,13.60,0.02868,3.27,44.35
16.00,0.60,0.90,20.00,13.60,0.02550,3.68,44.25
17.00,0.80,0.20,20.00,13.60,0.15298,0.82,11.30
18.00,0.80,0.30,20.00,13.60,0.10199,1.23,13.16
19.00,0.80,0.40,20.00,13.60,0.07649,1.64,19.61
20.00,0.80,0.50,20.00,13.60,0.06119,2.05,23.31
21.00,0.80,0.60,20.00,13.60,0.05099,2.45,23.88
22.00,0.80,0.70,20.00,13.60,0.04371,2.86,24.93
23.00,0.80,0.80,20.00,13.60,0.03824,3.27,33.26
24.00,0.80,0.90,20.00,13.60,0.03400,3.68,33.19
25.00,1.00,0.20,20.00,13.60,0.19122,0.82,9.04
26.00,1.00,0.30,20.00,13.60,0.12748,1.23,10.53
27.00,1.00,0.40,20.00,13.60,0.09561,1.64,15.69
28.00,1.00,0.50,20.00,13.60,0.07649,2.05,18.65
29.00,1.00,0.60,20.00,13.60,0.06374,2.45,19.11
30.00,1.00,0.70,20.00,13.60,0.05464,2.86,19.94
31.00,1.00,0.80,20.00,13.60,0.04781,3.27,26.61
32.00,1.00,0.90,20.00,13.60,0.04249,3.68,26.55
33.00,1.60,0.20,20.00,13.60,0.30596,0.82,5.65
34.00,1.60,0.30,20.00,13.60,0.20397,1.23,6.58
35.00,1.60,0.40,20.00,13.60,0.15298,1.64,9.80
36.00,1.60,0.50,20.00,13.60,0.12238,2.05,11.65
37.00,1.60,0.60,20.00,13.60,0.10199,2.45,11.94
38.00,1.60,0.70,20.00,13.60,0.08742,2.86,12.46
39.00,1.60,0.80,20.00,13.60,0.07649,3.27,16.63
40.00,1.60,0.90,20.00,13.60,0.06799,3.68,16.59
41.00,2.30,0.20,20.00,13.60,0.43981,0.82,3.93
42.00,2.30,0.30,20.00,13.60,0.29321,1.23,4.58
43.00,2.30,0.40,20.00,13.60,0.21991,1.64,6.82
44.00,2.30,0.50,20.00,13.60,0.17593,2.05,8.11
45.00,2.30,0.60,20.00,13.60,0.14660,2.45,8.31
46.00,2.30,0.70,20.00,13.60,0.12566,2.86,8.67
47.00,2.30,0.80,20.00,13.60,0.10995,3.27,11.57
48.00,2.30,0.90,20.00,13.60,0.09774,3.68,11.54
49.00,3.00,0.20,20.00,13.60,0.57367,0.82,3.01
50.00,3.00,0.30,20.00,13.60,0.38245,1.23,3.51
51.00,3.00,0.40,20.00,13.60,0.28683,1.64,5.23
52.00,3.00,0.50,20.00,13.60,0.22947,2.05,6.22
53.00,3.00,0.60,20.00,13.60,0.19122,2.45,6.37
54.00,3.00,0.70,20.00,13.60,0.16391,2.86,6.65
55.00,3.00,0.80,20.00,13.60,0.14342,3.27,8.87
56.00,3.00,0.90,20.00,13.60,0.12748,3.68,8.85
57.00,3.50,0.20,20.00,13.60,0.66928,0.82,2.58
58.00,3.50,0.30,20.00,13.60,0.44619,1.23,3.01
59.00,3.50,0.40,20.00,13.60,0.33464,1.64,4.48
60.00,3.50,0.50,20.00,13.60,0.26771,2.05,5.33
61.00,3.50,0.60,20.00,13.60,0.22309,2.45,5.46
62.00,3.50,0.70,20.00,13.60,0.19122,2.86,5.70
63.00,3.50,0.80,20.00,13.60,0.16732,3.27,7.60
64.00,3.50,0.90,20.00,13.60,0.14873,3.68,7.59
65.00,0.40,0.20,40.00,13.60,0.15298,0.82,25.62
66.00,0.40,0.30,40.00,13.60,0.10199,1.23,32.87
67.00,0.40,0.40,40.00,13.60,0.07649,1.64,45.21
68.00,0.40,0.50,40.00,13.60,0.06119,2.05,54.10
69.00,0.40,0.60,40.00,13.60,0.05099,2.45,52.63
70.00,0.40,0.70,40.00,13.60,0.04371,2.86,67.39
71.00,0.40,0.80,40.00,13.60,0.03824,3.27,78.43
72.00,0.40,0.90,40.00,13.60,0.03400,3.68,74.96
73.00,0.60,0.20,40.00,13.60,0.22947,0.82,17.08
74.00,0.60,0.30,40.00,13.60,0.15298,1.23,21.91
75.00,0.60,0.40,40.00,13.60,0.11473,1.64,30.14
76.00,0.60,0.50,40.00,13.60,0.09179,2.05,36.07
77.00,0.60,0.60,40.00,13.60,0.07649,2.45,35.08
78.00,0.60,0.70,40.00,13.60,0.06556,2.86,44.93
79.00,0.60,0.80,40.00,13.60,0.05737,3.27,52.29
80.00,0.60,0.90,40.00,13.60,0.05099,3.68,49.97
81.00,0.80,0.20,40.00,13.60,0.30596,0.82,12.81
82.00,0.80,0.30,40.00,13.60,0.20397,1.23,16.44
83.00,0.80,0.40,40.00,13.60,0.15298,1.64,22.61
84.00,0.80,0.50,40.00,13.60,0.12238,2.05,27.05
85.00,0.80,0.60,40.00,13.60,0.10199,2.45,26.31
86.00,0.80,0.70,40.00,13.60,0.08742,2.86,33.70
87.00,0.80,0.80,40.00,13.60,0.07649,3.27,39.21
88.00,0.80,0.90,40.00,13.60,0.06799,3.68,37.48
89.00,1.00,0.20,40.00,13.60,0.38245,0.82,10.25
90.00,1.00,0.30,40.00,13.60,0.25496,1.23,13.15
91.00,1.00,0.40,40.00,13.60,0.19122,1.64,18.08
92.00,1.00,0.50,40.00,13.60,0.15298,2.05,21.64
93.00,1.00,0.60,40.00,13.60,0.12748,2.45,21.05
94.00,1.00,0.70,40.00,13.60,0.10927,2.86,26.96
95.00,1.00,0.80,40.00,13.60,0.09561,3.27,31.37
96.00,1.00,0.90,40.00,13.60,0.08499,3.68,29.98
97.00,1.60,0.20,40.00,13.60,0.61191,0.82,6.40
98.00,1.60,0.30,40.00,13.60,0.40794,1.23,8.22
99.00,1.60,0.40,40.00,13.60,0.30596,1.64,11.30
100.00,1.60,0.50,40.00,13.60,0.24477,2.05,13.52
101.00,1.60,0.60,40.00,13.60,0.20397,2.45,13.16
102.00,1.60,0.70,40.00,13.60,0.17483,2.86,16.85
103.00,1.60,0.80,40.00,13.60,0.15298,3.27,19.61
104.00,1.60,0.90,40.00,13.60,0.13598,3.68,18.74
105.00,2.30,0.20,40.00,13.60,0.87963,0.82,4.45
106.00,2.30,0.30,40.00,13.60,0.58642,1.23,5.72
107.00,2.30,0.40,40.00,13.60,0.43981,1.64,7.86
108.00,2.30,0.50,40.00,13.60,0.35185,2.05,9.41
109.00,2.30,0.60,40.00,13.60,0.29321,2.45,9.15
110.00,2.30,0.70,40.00,13.60,0.25132,2.86,11.72
111.00,2.30,0.80,40.00,13.60,0.21991,3.27,13.64
112.00,2.30,0.90,40.00,13.60,0.19547,3.68,13.04
113.00,3.00,0.20,40.00,13.60,1.14734,0.82,3.42
114.00,3.00,0.30,40.00,13.60,0.76489,1.23,4.38
115.00,3.00,0.40,40.00,13.60,0.57367,1.64,6.03
116.00,3.00,0.50,40.00,13.60,0.45894,2.05,7.21
117.00,3.00,0.60,40.00,13.60,0.38245,2.45,7.02
118.00,3.00,0.70,40.00,13.60,0.32781,2.86,8.99
119.00,3.00,0.80,40.00,13.60,0.28683,3.27,10.46
120.00,3.00,0.90,40.00,13.60,0.25496,3.68,9.99
121.00,3.50,0.20,40.00,13.60,1.33856,0.82,2.93
122.00,3.50,0.30,40.00,13.60,0.89237,1.23,3.76
123.00,3.50,0.40,40.00,13.60,0.66928,1.64,5.17
124.00,3.50,0.50,40.00,13.60,0.53542,2.05,6.18
125.00,3.50,0.60,40.00,13.60,0.44619,2.45,6.01
126.00,3.50,0.70,40.00,13.60,0.38245,2.86,7.70
127.00,3.50,0.80,40.00,13.60,0.33464,3.27,8.96
128.00,3.50,0.90,40.00,13.60,0.29746,3.68,8.57
129.00,0.40,0.20,80.00,13.60,0.30596,0.82,28.63
130.00,0.40,0.30,80.00,13.60,0.20397,1.23,35.34
131.00,0.40,0.40,80.00,13.60,0.15298,1.64,51.23
132.00,0.40,0.50,80.00,13.60,0.12238,2.05,61.62
133.00,0.40,0.60,80.00,13.60,0.10199,2.45,65.74
134.00,0.40,0.70,80.00,13.60,0.08742,2.86,75.17
135.00,0.40,0.80,80.00,13.60,0.07649,3.27,90.42
136.00,0.40,0.90,80.00,13.60,0.06799,3.68,81.28
137.00,0.60,0.20,80.00,13.60,0.45894,0.82,19.09
138.00,0.60,0.30,80.00,13.60,0.30596,1.23,23.56
139.00,0.60,0.40,80.00,13.60,0.22947,1.64,34.15
140.00,0.60,0.50,80.00,13.60,0.18357,2.05,41.08
141.00,0.60,0.60,80.00,13.60,0.15298,2.45,43.83
142.00,0.60,0.70,80.00,13.60,0.13112,2.86,50.12
143.00,0.60,0.80,80.00,13.60,0.11473,3.27,60.28
144.00,0.60,0.90,80.00,13.60,0.10199,3.68,54.18
145.00,0.80,0.20,80.00,13.60,0.61191,0.82,14.32
146.00,0.80,0.30,80.00,13.60,0.40794,1.23,17.67
147.00,0.80,0.40,80.00,13.60,0.30596,1.64,25.62
148.00,0.80,0.50,80.00,13.60,0.24477,2.05,30.81
149.00,0.80,0.60,80.00,13.60,0.20397,2.45,32.87
150.00,0.80,0.70,80.00,13.60,0.17483,2.86,37.59
151.00,0.80,0.80,80.00,13.60,0.15298,3.27,45.21
152.00,0.80,0.90,80.00,13.60,0.13598,3.68,40.64
153.00,1.00,0.20,80.00,13.60,0.76489,0.82,11.45
154.00,1.00,0.30,80.00,13.60,0.50993,1.23,14.14
155.00,1.00,0.40,80.00,13.60,0.38245,1.64,20.49
156.00,1.00,0.50,80.00,13.60,0.30596,2.05,24.65
157.00,1.00,0.60,80.00,13.60,0.25496,2.45,26.30
158.00,1.00,0.70,80.00,13.60,0.21854,2.86,30.07
159.00,1.00,0.80,80.00,13.60,0.19122,3.27,36.17
160.00,1.00,0.90,80.00,13.60,0.16998,3.68,32.51
161.00,1.60,0.20,80.00,13.60,1.22383,0.82,7.16
162.00,1.60,0.30,80.00,13.60,0.81589,1.23,8.83
163.00,1.60,0.40,80.00,13.60,0.61191,1.64,12.81
164.00,1.60,0.50,80.00,13.60,0.48953,2.05,15.40
165.00,1.60,0.60,80.00,13.60,0.40794,2.45,16.44
166.00,1.60,0.70,80.00,13.60,0.34967,2.86,18.79
167.00,1.60,0.80,80.00,13.60,0.30596,3.27,22.61
168.00,1.60,0.90,80.00,13.60,0.27196,3.68,20.32
169.00,2.30,0.20,80.00,13.60,1.75925,0.82,4.98
170.00,2.30,0.30,80.00,13.60,1.17284,1.23,6.15
171.00,2.30,0.40,80.00,13.60,0.87963,1.64,8.91
172.00,2.30,0.50,80.00,13.60,0.70370,2.05,10.72
173.00,2.30,0.60,80.00,13.60,0.58642,2.45,11.43
174.00,2.30,0.70,80.00,13.60,0.50264,2.86,13.07
175.00,2.30,0.80,80.00,13.60,0.43981,3.27,15.73
176.00,2.30,0.90,80.00,13.60,0.39095,3.68,14.13
177.00,3.00,0.20,80.00,13.60,2.29468,0.82,3.82
178.00,3.00,0.30,80.00,13.60,1.52978,1.23,4.71
179.00,3.00,0.40,80.00,13.60,1.14734,1.64,6.83
180.00,3.00,0.50,80.00,13.60,0.91787,2.05,8.22
181.00,3.00,0.60,80.00,13.60,0.76489,2.45,8.77
182.00,3.00,0.70,80.00,13.60,0.65562,2.86,10.02
183.00,3.00,0.80,80.00,13.60,0.57367,3.27,12.06
184.00,3.00,0.90,80.00,13.60,0.50993,3.68,10.84
185.00,3.50,0.20,80.00,13.60,2.67712,0.82,3.27
186.00,3.50,0.30,80.00,13.60,1.78475,1.23,4.04
187.00,3.50,0.40,80.00,13.60,1.33856,1.64,5.86
188.00,3.50,0.50,80.00,13.60,1.07085,2.05,7.04
189.00,3.50,0.60,80.00,13.60,0.89237,2.45,7.51
190.00,3.50,0.70,80.00,13.60,0.76489,2.86,8.59
191.00,3.50,0.80,80.00,13.60,0.66928,3.27,10.33
192.00,3.50,0.90,80.00,13.60,0.59492,3.68,9.29
193.00,0.40,0.20,120.00,13.60,0.45894,0.82,30.40
194.00,0.40,0.30,120.00,13.60,0.30596,1.23,42.95
195.00,0.40,0.40,120.00,13.60,0.22947,1.64,54.76
196.00,0.40,0.50,120.00,13.60,0.18357,2.05,66.02
197.00,0.40,0.60,120.00,13.60,0.15298,2.45,76.85
198.00,0.40,0.70,120.00,13.60,0.13112,2.86,79.00
199.00,0.40,0.80,120.00,13.60,0.11473,3.27,97.46
200.00,0.40,0.90,120.00,13.60,0.10199,3.68,98.61
201.00,0.60,0.20,120.00,13.60,0.68840,0.82,20.26
202.00,0.60,0.30,120.00,13.60,0.45894,1.23,28.63
203.00,0.60,0.40,120.00,13.60,0.34420,1.64,36.51
204.00,0.60,0.50,120.00,13.60,0.27536,2.05,44.01
205.00,0.60,0.60,120.00,13.60,0.22947,2.45,51.23
206.00,0.60,0.70,120.00,13.60,0.19669,2.86,52.67
207.00,0.60,0.80,120.00,13.60,0.17210,3.27,64.98
208.00,0.60,0.90,120.00,13.60,0.15298,3.68,65.74
209.00,0.80,0.20,120.00,13.60,0.91787,0.82,15.20
210.00,0.80,0.30,120.00,13.60,0.61191,1.23,21.47
211.00,0.80,0.40,120.00,13.60,0.45894,1.64,27.38
212.00,0.80,0.50,120.00,13.60,0.36715,2.05,33.01
213.00,0.80,0.60,120.00,13.60,0.30596,2.45,38.42
214.00,0.80,0.70,120.00,13.60,0.26225,2.86,39.50
215.00,0.80,0.80,120.00,13.60,0.22947,3.27,48.73
216.00,0.80,0.90,120.00,13.60,0.20397,3.68,49.31
217.00,1.00,0.20,120.00,13.60,1.14734,0.82,12.16
218.00,1.00,0.30,120.00,13.60,0.76489,1.23,17.18
219.00,1.00,0.40,120.00,13.60,0.57367,1.64,21.90
220.00,1.00,0.50,120.00,13.60,0.45894,2.05,26.41
221.00,1.00,0.60,120.00,13.60,0.38245,2.45,30.74
222.00,1.00,0.70,120.00,13.60,0.32781,2.86,31.60
223.00,1.00,0.80,120.00,13.60,0.28683,3.27,38.99
224.00,1.00,0.90,120.00,13.60,0.25496,3.68,39.45
225.00,1.60,0.20,120.00,13.60,1.83574,0.82,7.60
226.00,1.60,0.30,120.00,13.60,1.22383,1.23,10.74
227.00,1.60,0.40,120.00,13.60,0.91787,1.64,13.69
228.00,1.60,0.50,120.00,13.60,0.73430,2.05,16.51
229.00,1.60,0.60,120.00,13.60,0.61191,2.45,19.21
230.00,1.60,0.70,120.00,13.60,0.52450,2.86,19.75
231.00,1.60,0.80,120.00,13.60,0.45894,3.27,24.37
232.00,1.60,0.90,120.00,13.60,0.40794,3.68,24.65
233.00,2.30,0.20,120.00,13.60,2.63888,0.82,5.29
234.00,2.30,0.30,120.00,13.60,1.75925,1.23,7.47
235.00,2.30,0.40,120.00,13.60,1.31944,1.64,9.52
236.00,2.30,0.50,120.00,13.60,1.05555,2.05,11.48
237.00,2.30,0.60,120.00,13.60,0.87963,2.45,13.36
238.00,2.30,0.70,120.00,13.60,0.75397,2.86,13.74
239.00,2.30,0.80,120.00,13.60,0.65972,3.27,16.95
240.00,2.30,0.90,120.00,13.60,0.58642,3.68,17.15
241.00,3.00,0.20,120.00,13.60,3.44202,0.82,4.05
242.00,3.00,0.30,120.00,13.60,2.29468,1.23,5.73
243.00,3.00,0.40,120.00,13.60,1.72101,1.64,7.30
244.00,3.00,0.50,120.00,13.60,1.37681,2.05,8.80
245.00,3.00,0.60,120.00,13.60,1.14734,2.45,10.25
246.00,3.00,0.70,120.00,13.60,0.98343,2.86,10.53
247.00,3.00,0.80,120.00,13.60,0.86050,3.27,13.00
248.00,3.00,0.90,120.00,13.60,0.76489,3.68,13.15
249.00,3.50,0.20,120.00,13.60,4.01569,0.82,3.47
250.00,3.50,0.30,120.00,13.60,2.67712,1.23,4.91
251.00,3.50,0.40,120.00,13.60,2.00784,1.64,6.26
252.00,3.50,0.50,120.00,13.60,1.60627,2.05,7.55
253.00,3.50,0.60,120.00,13.60,1.33856,2.45,8.78
254.00,3.50,0.70,120.00,13.60,1.14734,2.86,9.03
255.00,3.50,0.80,120.00,13.60,1.00392,3.27,11.14
256.00,3.50,0.90,120.00,13.60,0.89237,3.68,11.27
257.00,0.40,0.20,160.00,13.60,0.61191,0.82,31.65
258.00,0.40,0.30,160.00,13.60,0.40794,1.23,41.92
259.00,0.40,0.40,160.00,13.60,0.30596,1.64,57.26
260.00,0.40,0.50,160.00,13.60,0.24477,2.05,69.15
261.00,0.40,0.60,160.00,13.60,0.20397,2.45,70.68
262.00,0.40,0.70,160.00,13.60,0.17483,2.86,81.34
263.00,0.40,0.80,160.00,13.60,0.15298,3.27,102.46
264.00,0.40,0.90,160.00,13.60,0.13598,3.68,96.38
265.00,0.60,0.20,160.00,13.60,0.91787,0.82,21.10
266.00,0.60,0.30,160.00,13.60,0.61191,1.23,27.94
267.00,0.60,0.40,160.00,13.60,0.45894,1.64,38.17
268.00,0.60,0.50,160.00,13.60,0.36715,2.05,46.10
269.00,0.60,0.60,160.00,13.60,0.30596,2.45,47.12
270.00,0.60,0.70,160.00,13.60,0.26225,2.86,54.23
271.00,0.60,0.80,160.00,13.60,0.22947,3.27,68.31
272.00,0.60,0.90,160.00,13.60,0.20397,3.68,64.26
273.00,0.80,0.20,160.00,13.60,1.22383,0.82,15.82
274.00,0.80,0.30,160.00,13.60,0.81589,1.23,20.96
275.00,0.80,0.40,160.00,13.60,0.61191,1.64,28.63
276.00,0.80,0.50,160.00,13.60,0.48953,2.05,34.58
277.00,0.80,0.60,160.00,13.60,0.40794,2.45,35.34
278.00,0.80,0.70,160.00,13.60,0.34967,2.86,40.67
279.00,0.80,0.80,160.00,13.60,0.30596,3.27,51.23
280.00,0.80,0.90,160.00,13.60,0.27196,3.68,48.19
281.00,1.00,0.20,160.00,13.60,1.52978,0.82,12.66
282.00,1.00,0.30,160.00,13.60,1.01986,1.23,16.77
283.00,1.00,0.40,160.00,13.60,0.76489,1.64,22.90
284.00,1.00,0.50,160.00,13.60,0.61191,2.05,27.66
285.00,1.00,0.60,160.00,13.60,0.50993,2.45,28.27
286.00,1.00,0.70,160.00,13.60,0.43708,2.86,32.54
287.00,1.00,0.80,160.00,13.60,0.38245,3.27,40.99
288.00,1.00,0.90,160.00,13.60,0.33995,3.68,38.55
289.00,1.60,0.20,160.00,13.60,2.44766,0.82,7.91
290.00,1.60,0.30,160.00,13.60,1.63177,1.23,10.48
291.00,1.60,0.40,160.00,13.60,1.22383,1.64,14.32
292.00,1.60,0.50,160.00,13.60,0.97906,2.05,17.29
293.00,1.60,0.60,160.00,13.60,0.81589,2.45,17.67
294.00,1.60,0.70,160.00,13.60,0.69933,2.86,20.33
295.00,1.60,0.80,160.00,13.60,0.61191,3.27,25.62
296.00,1.60,0.90,160.00,13.60,0.54392,3.68,24.10
297.00,2.30,0.20,160.00,13.60,3.51851,0.82,5.50
298.00,2.30,0.30,160.00,13.60,2.34567,1.23,7.29
299.00,2.30,0.40,160.00,13.60,1.75925,1.64,9.96
300.00,2.30,0.50,160.00,13.60,1.40740,2.05,12.03
301.00,2.30,0.60,160.00,13.60,1.17284,2.45,12.29
302.00,2.30,0.70,160.00,13.60,1.00529,2.86,14.15
303.00,2.30,0.80,160.00,13.60,0.87963,3.27,17.82
304.00,2.30,0.90,160.00,13.60,0.78189,3.68,16.76
305.00,3.00,0.20,160.00,13.60,4.58935,0.82,4.22
306.00,3.00,0.30,160.00,13.60,3.05957,1.23,5.59
307.00,3.00,0.40,160.00,13.60,2.29468,1.64,7.63
308.00,3.00,0.50,160.00,13.60,1.83574,2.05,9.22
309.00,3.00,0.60,160.00,13.60,1.52978,2.45,9.42
310.00,3.00,0.70,160.00,13.60,1.31124,2.86,10.85
311.00,3.00,0.80,160.00,13.60,1.14734,3.27,13.66
312.00,3.00,0.90,160.00,13.60,1.01986,3.68,12.85
313.00,3.50,0.20,160.00,13.60,5.35425,0.82,3.62
314.00,3.50,0.30,160.00,13.60,3.56950,1.23,4.79
315.00,3.50,0.40,160.00,13.60,2.67712,1.64,6.54
316.00,3.50,0.50,160.00,13.60,2.14170,2.05,7.90
317.00,3.50,0.60,160.00,13.60,1.78475,2.45,8.08
318.00,3.50,0.70,160.00,13.60,1.52978,2.86,9.30
319.00,3.50,0.80,160.00,13.60,1.33856,3.27,11.71
320.00,3.50,0.90,160.00,13.60,1.18983,3.68,11.02
321.00,0.40,0.20,200.00,13.60,0.76489,0.82,32.62
322.00,0.40,0.30,200.00,13.60,0.50993,1.23,41.32
323.00,0.40,0.40,200.00,13.60,0.38245,1.64,59.21
324.00,0.40,0.50,200.00,13.60,0.30596,2.05,71.58
325.00,0.40,0.60,200.00,13.60,0.25496,2.45,77.69
326.00,0.40,0.70,200.00,13.60,0.21854,2.86,82.93
327.00,0.40,0.80,200.00,13.60,0.19122,3.27,106.34
328.00,0.40,0.90,200.00,13.60,0.16998,3.68,111.14
329.00,0.60,0.20,200.00,13.60,1.14734,0.82,21.75
330.00,0.60,0.30,200.00,13.60,0.76489,1.23,27.55
331.00,0.60,0.40,200.00,13.60,0.57367,1.64,39.47
332.00,0.60,0.50,200.00,13.60,0.45894,2.05,47.72
333.00,0.60,0.60,200.00,13.60,0.38245,2.45,51.80
334.00,0.60,0.70,200.00,13.60,0.32781,2.86,55.29
335.00,0.60,0.80,200.00,13.60,0.28683,3.27,70.90
336.00,0.60,0.90,200.00,13.60,0.25496,3.68,74.09
337.00,0.80,0.20,200.00,13.60,1.52978,0.82,16.31
338.00,0.80,0.30,200.00,13.60,1.01986,1.23,20.66
339.00,0.80,0.40,200.00,13.60,0.76489,1.64,29.60
340.00,0.80,0.50,200.00,13.60,0.61191,2.05,35.79
341.00,0.80,0.60,200.00,13.60,0.50993,2.45,38.85
342.00,0.80,0.70,200.00,13.60,0.43708,2.86,41.46
343.00,0.80,0.80,200.00,13.60,0.38245,3.27,53.17
344.00,0.80,0.90,200.00,13.60,0.33995,3.68,55.57
345.00,1.00,0.20,200.00,13.60,1.91223,0.82,13.05
346.00,1.00,0.30,200.00,13.60,1.27482,1.23,16.53
347.00,1.00,0.40,200.00,13.60,0.95612,1.64,23.68
348.00,1.00,0.50,200.00,13.60,0.76489,2.05,28.63
349.00,1.00,0.60,200.00,13.60,0.63741,2.45,31.08
350.00,1.00,0.70,200.00,13.60,0.54635,2.86,33.17
351.00,1.00,0.80,200.00,13.60,0.47806,3.27,42.54
352.00,1.00,0.90,200.00,13.60,0.42494,3.68,44.45
353.00,1.60,0.20,200.00,13.60,3.05957,0.82,8.16
354.00,1.60,0.30,200.00,13.60,2.03971,1.23,10.33
355.00,1.60,0.40,200.00,13.60,1.52978,1.64,14.80
356.00,1.60,0.50,200.00,13.60,1.22383,2.05,17.89
357.00,1.60,0.60,200.00,13.60,1.01986,2.45,19.42
358.00,1.60,0.70,200.00,13.60,0.87416,2.86,20.73
359.00,1.60,0.80,200.00,13.60,0.76489,3.27,26.59
360.00,1.60,0.90,200.00,13.60,0.67990,3.68,27.78
361.00,2.30,0.20,200.00,13.60,4.39813,0.82,5.67
362.00,2.30,0.30,200.00,13.60,2.93209,1.23,7.19
363.00,2.30,0.40,200.00,13.60,2.19907,1.64,10.30
364.00,2.30,0.50,200.00,13.60,1.75925,2.05,12.45
365.00,2.30,0.60,200.00,13.60,1.46604,2.45,13.51
366.00,2.30,0.70,200.00,13.60,1.25661,2.86,14.42
367.00,2.30,0.80,200.00,13.60,1.09953,3.27,18.49
368.00,2.30,0.90,200.00,13.60,0.97736,3.68,19.33
369.00,3.00,0.20,200.00,13.60,5.73669,0.82,4.35
370.00,3.00,0.30,200.00,13.60,3.82446,1.23,5.51
371.00,3.00,0.40,200.00,13.60,2.86835,1.64,7.89
372.00,3.00,0.50,200.00,13.60,2.29468,2.05,9.54
373.00,3.00,0.60,200.00,13.60,1.91223,2.45,10.36
374.00,3.00,0.70,200.00,13.60,1.63906,2.86,11.06
375.00,3.00,0.80,200.00,13.60,1.43417,3.27,14.18
376.00,3.00,0.90,200.00,13.60,1.27482,3.68,14.82
377.00,3.50,0.20,200.00,13.60,6.69281,0.82,3.73
378.00,3.50,0.30,200.00,13.60,4.46187,1.23,4.72
379.00,3.50,0.40,200.00,13.60,3.34640,1.64,6.77
380.00,3.50,0.50,200.00,13.60,2.67712,2.05,8.18
381.00,3.50,0.60,200.00,13.60,2.23094,2.45,8.88
382.00,3.50,0.70,200.00,13.60,1.91223,2.86,9.48
383.00,3.50,0.80,200.00,13.60,1.67320,3.27,12.15
384.00,3.50,0.90,200.00,13.60,1.48729,3.68,12.70
385.00,0.40,0.20,250.00,13.60,0.95612,0.82,33.59
386.00,0.40,0.30,250.00,13.60,0.63741,1.23,44.83
387.00,0.40,0.40,250.00,13.60,0.47806,1.64,61.15
388.00,0.40,0.50,250.00,13.60,0.38245,2.05,74.01
389.00,0.40,0.60,250.00,13.60,0.31871,2.45,76.50
390.00,0.40,0.70,250.00,13.60,0.27318,2.86,95.23
391.00,0.40,0.80,250.00,13.60,0.23903,3.27,99.53
392.00,0.40,0.90,250.00,13.60,0.21247,3.68,105.12
393.00,0.60,0.20,250.00,13.60,1.43417,0.82,22.40
394.00,0.60,0.30,250.00,13.60,0.95612,1.23,29.89
395.00,0.60,0.40,250.00,13.60,0.71709,1.64,40.77
396.00,0.60,0.50,250.00,13.60,0.57367,2.05,49.34
397.00,0.60,0.60,250.00,13.60,0.47806,2.45,51.00
398.00,0.60,0.70,250.00,13.60,0.40976,2.86,63.49
399.00,0.60,0.80,250.00,13.60,0.35854,3.27,66.35
400.00,0.60,0.90,250.00,13.60,0.31871,3.68,70.08
401.00,0.80,0.20,250.00,13.60,1.91223,0.82,16.80
402.00,0.80,0.30,250.00,13.60,1.27482,1.23,22.42
403.00,0.80,0.40,250.00,13.60,0.95612,1.64,30.57
404.00,0.80,0.50,250.00,13.60,0.76489,2.05,37.00
405.00,0.80,0.60,250.00,13.60,0.63741,2.45,38.25
406.00,0.80,0.70,250.00,13.60,0.54635,2.86,47.62
407.00,0.80,0.80,250.00,13.60,0.47806,3.27,49.76
408.00,0.80,0.90,250.00,13.60,0.42494,3.68,52.56
409.00,1.00,0.20,250.00,13.60,2.39029,0.82,13.44
410.00,1.00,0.30,250.00,13.60,1.59353,1.23,17.93
411.00,1.00,0.40,250.00,13.60,1.19514,1.64,24.46
412.00,1.00,0.50,250.00,13.60,0.95612,2.05,29.60
413.00,1.00,0.60,250.00,13.60,0.79676,2.45,30.60
414.00,1.00,0.70,250.00,13.60,0.68294,2.86,38.09
415.00,1.00,0.80,250.00,13.60,0.59757,3.27,39.81
416.00,1.00,0.90,250.00,13.60,0.53118,3.68,42.05
417.00,1.60,0.20,250.00,13.60,3.82446,0.82,8.40
418.00,1.60,0.30,250.00,13.60,2.54964,1.23,11.21
419.00,1.60,0.40,250.00,13.60,1.91223,1.64,15.29
420.00,1.60,0.50,250.00,13.60,1.52978,2.05,18.50
421.00,1.60,0.60,250.00,13.60,1.27482,2.45,19.13
422.00,1.60,0.70,250.00,13.60,1.09270,2.86,23.81
423.00,1.60,0.80,250.00,13.60,0.95612,3.27,24.88
424.00,1.60,0.90,250.00,13.60,0.84988,3.68,26.28
425.00,2.30,0.20,250.00,13.60,5.49766,0.82,5.84
426.00,2.30,0.30,250.00,13.60,3.66511,1.23,7.80
427.00,2.30,0.40,250.00,13.60,2.74883,1.64,10.63
428.00,2.30,0.50,250.00,13.60,2.19907,2.05,12.87
429.00,2.30,0.60,250.00,13.60,1.83255,2.45,13.31
430.00,2.30,0.70,250.00,13.60,1.57076,2.86,16.56
431.00,2.30,0.80,250.00,13.60,1.37442,3.27,17.31
432.00,2.30,0.90,250.00,13.60,1.22170,3.68,18.28
433.00,3.00,0.20,250.00,13.60,7.17087,0.82,4.48
434.00,3.00,0.30,250.00,13.60,4.78058,1.23,5.98
435.00,3.00,0.40,250.00,13.60,3.58543,1.64,8.15
436.00,3.00,0.50,250.00,13.60,2.86835,2.05,9.87
437.00,3.00,0.60,250.00,13.60,2.39029,2.45,10.20
438.00,3.00,0.70,250.00,13.60,2.04882,2.86,12.70
439.00,3.00,0.80,250.00,13.60,1.79272,3.27,13.27
440.00,3.00,0.90,250.00,13.60,1.59353,3.68,14.02
441.00,3.50,0.20,250.00,13.60,8.36601,0.82,3.84
442.00,3.50,0.30,250.00,13.60,5.57734,1.23,5.12
443.00,3.50,0.40,250.00,13.60,4.18301,1.64,6.99
444.00,3.50,0.50,250.00,13.60,3.34640,2.05,8.46
445.00,3.50,0.60,250.00,13.60,2.78867,2.45,8.74
446.00,3.50,0.70,250.00,13.60,2.39029,2.86,10.88
447.00,3.50,0.80,250.00,13.60,2.09150,3.27,11.37
448.00,3.50,0.90,250.00,13.60,1.85911,3.68,12.01
449.00,0.40,0.20,300.00,13.60,1.14734,0.82,34.39
450.00,0.40,0.30,300.00,13.60,0.76489,1.23,48.93
451.00,0.40,0.40,300.00,13.60,0.57367,1.64,62.74
452.00,0.40,0.50,300.00,13.60,0.45894,2.05,75.99
453.00,0.40,0.60,300.00,13.60,0.38245,2.45,88.81
454.00,0.40,0.70,300.00,13.60,0.32781,2.86,90.91
455.00,0.40,0.80,300.00,13.60,0.28683,3.27,113.40
456.00,0.40,0.90,300.00,13.60,0.25496,3.68,116.54
457.00,0.60,0.20,300.00,13.60,1.72101,0.82,22.92
458.00,0.60,0.30,300.00,13.60,1.14734,1.23,32.62
459.00,0.60,0.40,300.00,13.60,0.86050,1.64,41.82
460.00,0.60,0.50,300.00,13.60,0.68840,2.05,50.66
461.00,0.60,0.60,300.00,13.60,0.57367,2.45,59.21
462.00,0.60,0.70,300.00,13.60,0.49172,2.86,60.61
463.00,0.60,0.80,300.00,13.60,0.43025,3.27,75.60
464.00,0.60,0.90,300.00,13.60,0.38245,3.68,77.69
465.00,0.80,0.20,300.00,13.60,2.29468,0.82,17.19
466.00,0.80,0.30,300.00,13.60,1.52978,1.23,24.47
467.00,0.80,0.40,300.00,13.60,1.14734,1.64,31.37
468.00,0.80,0.50,300.00,13.60,0.91787,2.05,38.00
469.00,0.80,0.60,300.00,13.60,0.76489,2.45,44.40
470.00,0.80,0.70,300.00,13.60,0.65562,2.86,45.46
471.00,0.80,0.80,300.00,13.60,0.57367,3.27,56.70
472.00,0.80,0.90,300.00,13.60,0.50993,3.68,58.27
473.00,1.00,0.20,300.00,13.60,2.86835,0.82,13.75
474.00,1.00,0.30,300.00,13.60,1.91223,1.23,19.57
475.00,1.00,0.40,300.00,13.60,1.43417,1.64,25.09
476.00,1.00,0.50,300.00,13.60,1.14734,2.05,30.40
477.00,1.00,0.60,300.00,13.60,0.95612,2.45,35.52
478.00,1.00,0.70,300.00,13.60,0.81953,2.86,36.36
479.00,1.00,0.80,300.00,13.60,0.71709,3.27,45.36
480.00,1.00,0.90,300.00,13.60,0.63741,3.68,46.62
481.00,1.60,0.20,300.00,13.60,4.58935,0.82,8.60
482.00,1.60,0.30,300.00,13.60,3.05957,1.23,12.23
483.00,1.60,0.40,300.00,13.60,2.29468,1.64,15.68
484.00,1.60,0.50,300.00,13.60,1.83574,2.05,19.00
485.00,1.60,0.60,300.00,13.60,1.52978,2.45,22.20
486.00,1.60,0.70,300.00,13.60,1.31124,2.86,22.73
487.00,1.60,0.80,300.00,13.60,1.14734,3.27,28.35
488.00,1.60,0.90,300.00,13.60,1.01986,3.68,29.13
489.00,2.30,0.20,300.00,13.60,6.59720,0.82,5.98
490.00,2.30,0.30,300.00,13.60,4.39813,1.23,8.51
491.00,2.30,0.40,300.00,13.60,3.29860,1.64,10.91
492.00,2.30,0.50,300.00,13.60,2.63888,2.05,13.22
493.00,2.30,0.60,300.00,13.60,2.19907,2.45,15.44
494.00,2.30,0.70,300.00,13.60,1.88491,2.86,15.81
495.00,2.30,0.80,300.00,13.60,1.64930,3.27,19.72
496.00,2.30,0.90,300.00,13.60,1.46604,3.68,20.27
497.00,3.00,0.20,300.00,13.60,8.60504,0.82,4.58
498.00,3.00,0.30,300.00,13.60,5.73669,1.23,6.52
499.00,3.00,0.40,300.00,13.60,4.30252,1.64,8.36
500.00,3.00,0.50,300.00,13.60,3.44202,2.05,10.13
501.00,3.00,0.60,300.00,13.60,2.86835,2.45,11.84
502.00,3.00,0.70,300.00,13.60,2.45858,2.86,12.12
503.00,3.00,0.80,300.00,13.60,2.15126,3.27,15.12
504.00,3.00,0.90,300.00,13.60,1.91223,3.68,15.54
505.00,3.50,0.20,300.00,13.60,10.03921,0.82,3.93
506.00,3.50,0.30,300.00,13.60,6.69281,1.23,5.59
507.00,3.50,0.40,300.00,13.60,5.01961,1.64,7.17
508.00,3.50,0.50,300.00,13.60,4.01569,2.05,8.68
509.00,3.50,0.60,300.00,13.60,3.34640,2.45,10.15
510.00,3.50,0.70,300.00,13.60,2.86835,2.86,10.39
511.00,3.50,0.80,300.00,13.60,2.50980,3.27,12.96
512.00,3.50,0.90,300.00,13.60,2.23094,3.68,13.32
513.00,0.40,0.20,20.00,16.20,0.05391,0.35,32.08
514.00,0.40,0.30,20.00,16.20,0.03594,0.52,37.34
515.00,0.40,0.40,20.00,16.20,0.02695,0.70,55.64
516.00,0.40,0.50,20.00,16.20,0.02156,0.87,66.14
517.00,0.40,0.60,20.00,16.20,0.01797,1.05,67.77
518.00,0.40,0.70,20.00,16.20,0.01540,1.22,70.74
519.00,0.40,0.80,20.00,16.20,0.01348,1.40,94.38
520.00,0.40,0.90,20.00,16.20,0.01198,1.57,94.18
521.00,0.60,0.20,20.00,16.20,0.08086,0.35,21.38
522.00,0.60,0.30,20.00,16.20,0.05391,0.52,24.89
523.00,0.60,0.40,20.00,16.20,0.04043,0.70,37.09
524.00,0.60,0.50,20.00,16.20,0.03234,0.87,44.09
525.00,0.60,0.60,20.00,16.20,0.02695,1.05,45.18
526.00,0.60,0.70,20.00,16.20,0.02310,1.22,47.16
527.00,0.60,0.80,20.00,16.20,0.02022,1.40,62.92
528.00,0.60,0.90,20.00,16.20,0.01797,1.57,62.79
529.00,0.80,0.20,20.00,16.20,0.10781,0.35,16.04
530.00,0.80,0.30,20.00,16.20,0.07188,0.52,18.67
531.00,0.80,0.40,20.00,16.20,0.05391,0.70,27.82
532.00,0.80,0.50,20.00,16.20,0.04313,0.87,33.07
533.00,0.80,0.60,20.00,16.20,0.03594,1.05,33.89
534.00,0.80,0.70,20.00,16.20,0.03080,1.22,35.37
535.00,0.80,0.80,20.00,16.20,0.02695,1.40,47.19
536.00,0.80,0.90,20.00,16.20,0.02396,1.57,47.09
537.00,1.00,0.20,20.00,16.20,0.13477,0.35,12.83
538.00,1.00,0.30,20.00,16.20,0.08985,0.52,14.93
539.00,1.00,0.40,20.00,16.20,0.06738,0.70,22.26
540.00,1.00,0.50,20.00,16.20,0.05391,0.87,26.46
541.00,1.00,0.60,20.00,16.20,0.04492,1.05,27.11
542.00,1.00,0.70,20.00,16.20,0.03851,1.22,28.30
543.00,1.00,0.80,20.00,16.20,0.03369,1.40,37.75
544.00,1.00,0.90,20.00,16.20,0.02995,1.57,37.67
545.00,1.60,0.20,20.00,16.20,0.21563,0.35,8.02
546.00,1.60,0.30,20.00,16.20,0.14375,0.52,9.33
547.00,1.60,0.40,20.00,16.20,0.10781,0.70,13.91
548.00,1.60,0.50,20.00,16.20,0.08625,0.87,16.54
549.00,1.60,0.60,20.00,16.20,0.07188,1.05,16.94
550.00,1.60,0.70,20.00,16.20,0.06161,1.22,17.68
551.00,1.60,0.80,20.00,16.20,0.05391,1.40,23.60
552.00,1.60,0.90,20.00,16.20,0.04792,1.57,23.54
553.00,2.30,0.20,20.00,16.20,0.30997,0.35,5.58
554.00,2.30,0.30,20.00,16.20,0.20664,0.52,6.49
555.00,2.30,0.40,20.00,16.20,0.15498,0.70,9.68
556.00,2.30,0.50,20.00,16.20,0.12399,0.87,11.50
557.00,2.30,0.60,20.00,16.20,0.10332,1.05,11.79
558.00,2.30,0.70,20.00,16.20,0.08856,1.22,12.30
559.00,2.30,0.80,20.00,16.20,0.07749,1.40,16.41
560.00,2.30,0.90,20.00,16.20,0.06888,1.57,16.38
561.00,3.00,0.20,20.00,16.20,0.40431,0.35,4.28
562.00,3.00,0.30,20.00,16.20,0.26954,0.52,4.98
563.00,3.00,0.40,20.00,16.20,0.20215,0.70,7.42
564.00,3.00,0.50,20.00,16.20,0.16172,0.87,8.82
565.00,3.00,0.60,20.00,16.20,0.13477,1.05,9.04
566.00,3.00,0.70,20.00,16.20,0.11552,1.22,9.43
567.00,3.00,0.80,20.00,16.20,0.10108,1.40,12.58
568.00,3.00,0.90,20.00,16.20,0.08985,1.57,12.56
569.00,3.50,0.20,20.00,16.20,0.47169,0.35,3.67
570.00,3.50,0.30,20.00,16.20,0.31446,0.52,4.27
571.00,3.50,0.40,20.00,16.20,0.23584,0.70,6.36
572.00,3.50,0.50,20.00,16.20,0.18868,0.87,7.56
573.00,3.50,0.60,20.00,16.20,0.15723,1.05,7.75
574.00,3.50,0.70,20.00,16.20,0.13477,1.22,8.08
575.00,3.50,0.80,20.00,16.20,0.11792,1.40,10.79
576.00,3.50,0.90,20.00,16.20,0.10482,1.57,10.76
577.00,0.40,0.20,40.00,16.20,0.10781,0.35,36.35
578.00,0.40,0.30,40.00,16.20,0.07188,0.52,46.64
579.00,0.40,0.40,40.00,16.20,0.05391,0.70,64.15
580.00,0.40,0.50,40.00,16.20,0.04313,0.87,76.76
581.00,0.40,0.60,40.00,16.20,0.03594,1.05,74.67
582.00,0.40,0.70,40.00,16.20,0.03080,1.22,95.62
583.00,0.40,0.80,40.00,16.20,0.02695,1.40,111.28
584.00,0.40,0.90,40.00,16.20,0.02396,1.57,106.35
585.00,0.60,0.20,40.00,16.20,0.16172,0.35,24.23
586.00,0.60,0.30,40.00,16.20,0.10781,0.52,31.09
587.00,0.60,0.40,40.00,16.20,0.08086,0.70,42.77
588.00,0.60,0.50,40.00,16.20,0.06469,0.87,51.17
589.00,0.60,0.60,40.00,16.20,0.05391,1.05,49.78
590.00,0.60,0.70,40.00,16.20,0.04621,1.22,63.75
591.00,0.60,0.80,40.00,16.20,0.04043,1.40,74.19
592.00,0.60,0.90,40.00,16.20,0.03594,1.57,70.90
593.00,0.80,0.20,40.00,16.20,0.21563,0.35,18.17
594.00,0.80,0.30,40.00,16.20,0.14375,0.52,23.32
595.00,0.80,0.40,40.00,16.20,0.10781,0.70,32.08
596.00,0.80,0.50,40.00,16.20,0.08625,0.87,38.38
597.00,0.80,0.60,40.00,16.20,0.07188,1.05,37.34
598.00,0.80,0.70,40.00,16.20,0.06161,1.22,47.81
599.00,0.80,0.80,40.00,16.20,0.05391,1.40,55.64
600.00,0.80,0.90,40.00,16.20,0.04792,1.57,53.18
601.00,1.00,0.20,40.00,16.20,0.26954,0.35,14.54
602.00,1.00,0.30,40.00,16.20,0.17969,0.52,18.66
603.00,1.00,0.40,40.00,16.20,0.13477,0.70,25.66
604.00,1.00,0.50,40.00,16.20,0.10781,0.87,30.70
605.00,1.00,0.60,40.00,16.20,0.08985,1.05,29.87
606.00,1.00,0.70,40.00,16.20,0.07701,1.22,38.25
607.00,1.00,0.80,40.00,16.20,0.06738,1.40,44.51
608.00,1.00,0.90,40.00,16.20,0.05990,1.57,42.54
609.00,1.60,0.20,40.00,16.20,0.43126,0.35,9.09
610.00,1.60,0.30,40.00,16.20,0.28751,0.52,11.66
611.00,1.60,0.40,40.00,16.20,0.21563,0.70,16.04
612.00,1.60,0.50,40.00,16.20,0.17250,0.87,19.19
613.00,1.60,0.60,40.00,16.20,0.14375,1.05,18.67
614.00,1.60,0.70,40.00,16.20,0.12322,1.22,23.91
615.00,1.60,0.80,40.00,16.20,0.10781,1.40,27.82
616.00,1.60,0.90,40.00,16.20,0.09584,1.57,26.59
617.00,2.30,0.20,40.00,16.20,0.61993,0.35,6.32
618.00,2.30,0.30,40.00,16.20,0.41329,0.52,8.11
619.00,2.30,0.40,40.00,16.20,0.30997,0.70,11.16
620.00,2.30,0.50,40.00,16.20,0.24797,0.87,13.35
621.00,2.30,0.60,40.00,16.20,0.20664,1.05,12.99
622.00,2.30,0.70,40.00,16.20,0.17712,1.22,16.63
623.00,2.30,0.80,40.00,16.20,0.15498,1.40,19.35
624.00,2.30,0.90,40.00,16.20,0.13776,1.57,18.50
625.00,3.00,0.20,40.00,16.20,0.80861,0.35,4.85
626.00,3.00,0.30,40.00,16.20,0.53907,0.52,6.22
627.00,3.00,0.40,40.00,16.20,0.40431,0.70,8.55
628.00,3.00,0.50,40.00,16.20,0.32344,0.87,10.23
629.00,3.00,0.60,40.00,16.20,0.26954,1.05,9.96
630.00,3.00,0.70,40.00,16.20,0.23103,1.22,12.75
631.00,3.00,0.80,40.00,16.20,0.20215,1.40,14.84
632.00,3.00,0.90,40.00,16.20,0.17969,1.57,14.18
633.00,3.50,0.20,40.00,16.20,0.94338,0.35,4.15
634.00,3.50,0.30,40.00,16.20,0.62892,0.52,5.33
635.00,3.50,0.40,40.00,16.20,0.47169,0.70,7.33
636.00,3.50,0.50,40.00,16.20,0.37735,0.87,8.77
637.00,3.50,0.60,40.00,16.20,0.31446,1.05,8.53
638.00,3.50,0.70,40.00,16.20,0.26954,1.22,10.93
639.00,3.50,0.80,40.00,16.20,0.23584,1.40,12.72
640.00,3.50,0.90,40.00,16.20,0.20964,1.57,12.15
641.00,0.40,0.20,80.00,16.20,0.21563,0.35,40.62
642.00,0.40,0.30,80.00,16.20,0.14375,0.52,50.14
643.00,0.40,0.40,80.00,16.20,0.10781,0.70,72.69
644.00,0.40,0.50,80.00,16.20,0.08625,0.87,87.43
645.00,0.40,0.60,80.00,16.20,0.07188,1.05,93.28
646.00,0.40,0.70,80.00,16.20,0.06161,1.22,106.66
647.00,0.40,0.80,80.00,16.20,0.05391,1.40,128.30
648.00,0.40,0.90,80.00,16.20,0.04792,1.57,115.32
649.00,0.60,0.20,80.00,16.20,0.32344,0.35,27.08
650.00,0.60,0.30,80.00,16.20,0.21563,0.52,33.43
651.00,0.60,0.40,80.00,16.20,0.16172,0.70,48.46
652.00,0.60,0.50,80.00,16.20,0.12938,0.87,58.28
653.00,0.60,0.60,80.00,16.20,0.10781,1.05,62.19
654.00,0.60,0.70,80.00,16.20,0.09241,1.22,71.11
655.00,0.60,0.80,80.00,16.20,0.08086,1.40,85.54
656.00,0.60,0.90,80.00,16.20,0.07188,1.57,76.88
657.00,0.80,0.20,80.00,16.20,0.43126,0.35,20.31
658.00,0.80,0.30,80.00,16.20,0.28751,0.52,25.07
659.00,0.80,0.40,80.00,16.20,0.21563,0.70,36.35
660.00,0.80,0.50,80.00,16.20,0.17250,0.87,43.71
661.00,0.80,0.60,80.00,16.20,0.14375,1.05,46.64
662.00,0.80,0.70,80.00,16.20,0.12322,1.22,53.33
663.00,0.80,0.80,80.00,16.20,0.10781,1.40,64.15
664.00,0.80,0.90,80.00,16.20,0.09584,1.57,57.66
665.00,1.00,0.20,80.00,16.20,0.53907,0.35,16.25
666.00,1.00,0.30,80.00,16.20,0.35938,0.52,20.06
667.00,1.00,0.40,80.00,16.20,0.26954,0.70,29.08
668.00,1.00,0.50,80.00,16.20,0.21563,0.87,34.97
669.00,1.00,0.60,80.00,16.20,0.17969,1.05,37.31
670.00,1.00,0.70,80.00,16.20,0.15402,1.22,42.67
671.00,1.00,0.80,80.00,16.20,0.13477,1.40,51.32
672.00,1.00,0.90,80.00,16.20,0.11979,1.57,46.13
673.00,1.60,0.20,80.00,16.20,0.86252,0.35,10.16
674.00,1.60,0.30,80.00,16.20,0.57501,0.52,12.54
675.00,1.60,0.40,80.00,16.20,0.43126,0.70,18.17
676.00,1.60,0.50,80.00,16.20,0.34501,0.87,21.86
677.00,1.60,0.60,80.00,16.20,0.28751,1.05,23.32
678.00,1.60,0.70,80.00,16.20,0.24643,1.22,26.67
679.00,1.60,0.80,80.00,16.20,0.21563,1.40,32.08
680.00,1.60,0.90,80.00,16.20,0.19167,1.57,28.83
681.00,2.30,0.20,80.00,16.20,1.23987,0.35,7.07
682.00,2.30,0.30,80.00,16.20,0.82658,0.52,8.72
683.00,2.30,0.40,80.00,16.20,0.61993,0.70,12.64
684.00,2.30,0.50,80.00,16.20,0.49595,0.87,15.20
685.00,2.30,0.60,80.00,16.20,0.41329,1.05,16.22
686.00,2.30,0.70,80.00,16.20,0.35425,1.22,18.55
687.00,2.30,0.80,80.00,16.20,0.30997,1.40,22.31
688.00,2.30,0.90,80.00,16.20,0.27553,1.57,20.06
689.00,3.00,0.20,80.00,16.20,1.61722,0.35,5.42
690.00,3.00,0.30,80.00,16.20,1.07815,0.52,6.69
691.00,3.00,0.40,80.00,16.20,0.80861,0.70,9.69
692.00,3.00,0.50,80.00,16.20,0.64689,0.87,11.66
693.00,3.00,0.60,80.00,16.20,0.53907,1.05,12.44
694.00,3.00,0.70,80.00,16.20,0.46206,1.22,14.22
695.00,3.00,0.80,80.00,16.20,0.40431,1.40,17.11
696.00,3.00,0.90,80.00,16.20,0.35938,1.57,15.38
697.00,3.50,0.20,80.00,16.20,1.88676,0.35,4.64
698.00,3.50,0.30,80.00,16.20,1.25784,0.52,5.73
699.00,3.50,0.40,80.00,16.20,0.94338,0.70,8.31
700.00,3.50,0.50,80.00,16.20,0.75470,0.87,9.99
701.00,3.50,0.60,80.00,16.20,0.62892,1.05,10.66
702.00,3.50,0.70,80.00,16.20,0.53907,1.22,12.19
703.00,3.50,0.80,80.00,16.20,0.47169,1.40,14.66
704.00,3.50,0.90,80.00,16.20,0.41928,1.57,13.18
705.00,0.40,0.20,120.00,16.20,0.32344,0.35,43.13
706.00,0.40,0.30,120.00,16.20,0.21563,0.52,60.94
707.00,0.40,0.40,120.00,16.20,0.16172,0.70,77.70
708.00,0.40,0.50,120.00,16.20,0.12938,0.87,93.68
709.00,0.40,0.60,120.00,16.20,0.10781,1.05,109.04
710.00,0.40,0.70,120.00,16.20,0.09241,1.22,112.10
711.00,0.40,0.80,120.00,16.20,0.08086,1.40,138.29
712.00,0.40,0.90,120.00,16.20,0.07188,1.57,139.92
713.00,0.60,0.20,120.00,16.20,0.48517,0.35,28.75
714.00,0.60,0.30,120.00,16.20,0.32344,0.52,40.62
715.00,0.60,0.40,120.00,16.20,0.24258,0.70,51.80
716.00,0.60,0.50,120.00,16.20,0.19407,0.87,62.45
717.00,0.60,0.60,120.00,16.20,0.16172,1.05,72.69
718.00,0.60,0.70,120.00,16.20,0.13862,1.22,74.73
719.00,0.60,0.80,120.00,16.20,0.12129,1.40,92.19
720.00,0.60,0.90,120.00,16.20,0.10781,1.57,93.28
721.00,0.80,0.20,120.00,16.20,0.64689,0.35,21.56
722.00,0.80,0.30,120.00,16.20,0.43126,0.52,30.47
723.00,0.80,0.40,120.00,16.20,0.32344,0.70,38.85
724.00,0.80,0.50,120.00,16.20,0.25876,0.87,46.84
725.00,0.80,0.60,120.00,16.20,0.21563,1.05,54.52
726.00,0.80,0.70,120.00,16.20,0.18483,1.22,56.05
727.00,0.80,0.80,120.00,16.20,0.16172,1.40,69.15
728.00,0.80,0.90,120.00,16.20,0.14375,1.57,69.96
729.00,1.00,0.20,120.00,16.20,0.80861,0.35,17.25
730.00,1.00,0.30,120.00,16.20,0.53907,0.52,24.37
731.00,1.00,0.40,120.00,16.20,0.40431,0.70,31.08
732.00,1.00,0.50,120.00,16.20,0.32344,0.87,37.47
733.00,1.00,0.60,120.00,16.20,0.26954,1.05,43.62
734.00,1.00,0.70,120.00,16.20,0.23103,1.22,44.84
735.00,1.00,0.80,120.00,16.20,0.20215,1.40,55.32
736.00,1.00,0.90,120.00,16.20,0.17969,1.57,55.97
737.00,1.60,0.20,120.00,16.20,1.29378,0.35,10.78
738.00,1.60,0.30,120.00,16.20,0.86252,0.52,15.23
739.00,1.60,0.40,120.00,16.20,0.64689,0.70,19.42
740.00,1.60,0.50,120.00,16.20,0.51751,0.87,23.42
741.00,1.60,0.60,120.00,16.20,0.43126,1.05,27.26
742.00,1.60,0.70,120.00,16.20,0.36965,1.22,28.02
743.00,1.60,0.80,120.00,16.20,0.32344,1.40,34.57
744.00,1.60,0.90,120.00,16.20,0.28751,1.57,34.98
745.00,2.30,0.20,120.00,16.20,1.85980,0.35,7.50
746.00,2.30,0.30,120.00,16.20,1.23987,0.52,10.60
747.00,2.30,0.40,120.00,16.20,0.92990,0.70,13.51
748.00,2.30,0.50,120.00,16.20,0.74392,0.87,16.29
749.00,2.30,0.60,120.00,16.20,0.61993,1.05,18.96
750.00,2.30,0.70,120.00,16.20,0.53137,1.22,19.50
751.00,2.30,0.80,120.00,16.20,0.46495,1.40,24.05
752.00,2.30,0.90,120.00,16.20,0.41329,1.57,24.33
753.00,3.00,0.20,120.00,16.20,2.42583,0.35,5.75
754.00,3.00,0.30,120.00,16.20,1.61722,0.52,8.12
755.00,3.00,0.40,120.00,16.20,1.21292,0.70,10.36
756.00,3.00,0.50,120.00,16.20,0.97033,0.87,12.49
757.00,3.00,0.60,120.00,16.20,0.80861,1.05,14.54
758.00,3.00,0.70,120.00,16.20,0.69309,1.22,14.95
759.00,3.00,0.80,120.00,16.20,0.60646,1.40,18.44
760.00,3.00,0.90,120.00,16.20,0.53907,1.57,18.66
761.00,3.50,0.20,120.00,16.20,2.83014,0.35,4.93
762.00,3.50,0.30,120.00,16.20,1.88676,0.52,6.96
763.00,3.50,0.40,120.00,16.20,1.41507,0.70,8.88
764.00,3.50,0.50,120.00,16.20,1.13205,0.87,10.71
765.00,3.50,0.60,120.00,16.20,0.94338,1.05,12.46
766.00,3.50,0.70,120.00,16.20,0.80861,1.22,12.81
767.00,3.50,0.80,120.00,16.20,0.70753,1.40,15.80
768.00,3.50,0.90,120.00,16.20,0.62892,1.57,15.99
769.00,0.40,0.20,160.00,16.20,0.43126,0.35,44.91
770.00,0.40,0.30,160.00,16.20,0.28751,0.52,59.47
771.00,0.40,0.40,160.00,16.20,0.21563,0.70,81.25
772.00,0.40,0.50,160.00,16.20,0.17250,0.87,98.12
773.00,0.40,0.60,160.00,16.20,0.14375,1.05,100.29
774.00,0.40,0.70,160.00,16.20,0.12322,1.22,115.41
775.00,0.40,0.80,160.00,16.20,0.10781,1.40,145.39
776.00,0.40,0.90,160.00,16.20,0.09584,1.57,136.76
777.00,0.60,0.20,160.00,16.20,0.64689,0.35,29.94
778.00,0.60,0.30,160.00,16.20,0.43126,0.52,39.65
779.00,0.60,0.40,160.00,16.20,0.32344,0.70,54.17
780.00,0.60,0.50,160.00,16.20,0.25876,0.87,65.41
781.00,0.60,0.60,160.00,16.20,0.21563,1.05,66.86
782.00,0.60,0.70,160.00,16.20,0.18483,1.22,76.94
783.00,0.60,0.80,160.00,16.20,0.16172,1.40,96.92
784.00,0.60,0.90,160.00,16.20,0.14375,1.57,91.17
785.00,0.80,0.20,160.00,16.20,0.86252,0.35,22.45
786.00,0.80,0.30,160.00,16.20,0.57501,0.52,29.74
787.00,0.80,0.40,160.00,16.20,0.43126,0.70,40.62
788.00,0.80,0.50,160.00,16.20,0.34501,0.87,49.06
789.00,0.80,0.60,160.00,16.20,0.28751,1.05,50.14
790.00,0.80,0.70,160.00,16.20,0.24643,1.22,57.71
791.00,0.80,0.80,160.00,16.20,0.21563,1.40,72.69
792.00,0.80,0.90,160.00,16.20,0.19167,1.57,68.38
793.00,1.00,0.20,160.00,16.20,1.07815,0.35,17.96
794.00,1.00,0.30,160.00,16.20,0.71876,0.52,23.79
795.00,1.00,0.40,160.00,16.20,0.53907,0.70,32.50
796.00,1.00,0.50,160.00,16.20,0.43126,0.87,39.25
797.00,1.00,0.60,160.00,16.20,0.35938,1.05,40.11
798.00,1.00,0.70,160.00,16.20,0.30804,1.22,46.17
799.00,1.00,0.80,160.00,16.20,0.26954,1.40,58.15
800.00,1.00,0.90,160.00,16.20,0.23959,1.57,54.70
801.00,1.60,0.20,160.00,16.20,1.72504,0.35,11.23
802.00,1.60,0.30,160.00,16.20,1.15002,0.52,14.87
803.00,1.60,0.40,160.00,16.20,0.86252,0.70,20.31
804.00,1.60,0.50,160.00,16.20,0.69001,0.87,24.53
805.00,1.60,0.60,160.00,16.20,0.57501,1.05,25.07
806.00,1.60,0.70,160.00,16.20,0.49287,1.22,28.85
807.00,1.60,0.80,160.00,16.20,0.43126,1.40,36.35
808.00,1.60,0.90,160.00,16.20,0.38334,1.57,34.19
809.00,2.30,0.20,160.00,16.20,2.47974,0.35,7.81
810.00,2.30,0.30,160.00,16.20,1.65316,0.52,10.34
811.00,2.30,0.40,160.00,16.20,1.23987,0.70,14.13
812.00,2.30,0.50,160.00,16.20,0.99190,0.87,17.06
813.00,2.30,0.60,160.00,16.20,0.82658,1.05,17.44
814.00,2.30,0.70,160.00,16.20,0.70850,1.22,20.07
815.00,2.30,0.80,160.00,16.20,0.61993,1.40,25.28
816.00,2.30,0.90,160.00,16.20,0.55105,1.57,23.78
817.00,3.00,0.20,160.00,16.20,3.23444,0.35,5.99
818.00,3.00,0.30,160.00,16.20,2.15629,0.52,7.93
819.00,3.00,0.40,160.00,16.20,1.61722,0.70,10.83
820.00,3.00,0.50,160.00,16.20,1.29378,0.87,13.08
821.00,3.00,0.60,160.00,16.20,1.07815,1.05,13.37
822.00,3.00,0.70,160.00,16.20,0.92413,1.22,15.39
823.00,3.00,0.80,160.00,16.20,0.80861,1.40,19.38
824.00,3.00,0.90,160.00,16.20,0.71876,1.57,18.23
825.00,3.50,0.20,160.00,16.20,3.77352,0.35,5.13
826.00,3.50,0.30,160.00,16.20,2.51568,0.52,6.80
827.00,3.50,0.40,160.00,16.20,1.88676,0.70,9.29
828.00,3.50,0.50,160.00,16.20,1.50941,0.87,11.21
829.00,3.50,0.60,160.00,16.20,1.25784,1.05,11.46
830.00,3.50,0.70,160.00,16.20,1.07815,1.22,13.19
831.00,3.50,0.80,160.00,16.20,0.94338,1.40,16.62
832.00,3.50,0.90,160.00,16.20,0.83856,1.57,15.63
833.00,0.40,0.20,200.00,16.20,0.53907,0.35,46.29
834.00,0.40,0.30,200.00,16.20,0.35938,0.52,58.63
835.00,0.40,0.40,200.00,16.20,0.26954,0.70,84.01
836.00,0.40,0.50,200.00,16.20,0.21563,0.87,101.56
837.00,0.40,0.60,200.00,16.20,0.17969,1.05,110.24
838.00,0.40,0.70,200.00,16.20,0.15402,1.22,117.67
839.00,0.40,0.80,200.00,16.20,0.13477,1.40,150.89
840.00,0.40,0.90,200.00,16.20,0.11979,1.57,157.69
841.00,0.60,0.20,200.00,16.20,0.80861,0.35,30.86
842.00,0.60,0.30,200.00,16.20,0.53907,0.52,39.09
843.00,0.60,0.40,200.00,16.20,0.40431,0.70,56.00
844.00,0.60,0.50,200.00,16.20,0.32344,0.87,67.71
845.00,0.60,0.60,200.00,16.20,0.26954,1.05,73.49
846.00,0.60,0.70,200.00,16.20,0.23103,1.22,78.44
847.00,0.60,0.80,200.00,16.20,0.20215,1.40,100.60
848.00,0.60,0.90,200.00,16.20,0.17969,1.57,105.13
849.00,0.80,0.20,200.00,16.20,1.07815,0.35,23.14
850.00,0.80,0.30,200.00,16.20,0.71876,0.52,29.32
851.00,0.80,0.40,200.00,16.20,0.53907,0.70,42.00
852.00,0.80,0.50,200.00,16.20,0.43126,0.87,50.78
853.00,0.80,0.60,200.00,16.20,0.35938,1.05,55.12
854.00,0.80,0.70,200.00,16.20,0.30804,1.22,58.83
855.00,0.80,0.80,200.00,16.20,0.26954,1.40,75.45
856.00,0.80,0.90,200.00,16.20,0.23959,1.57,78.85
857.00,1.00,0.20,200.00,16.20,1.34768,0.35,18.51
858.00,1.00,0.30,200.00,16.20,0.89846,0.52,23.45
859.00,1.00,0.40,200.00,16.20,0.67384,0.70,33.60
860.00,1.00,0.50,200.00,16.20,0.53907,0.87,40.62
861.00,1.00,0.60,200.00,16.20,0.44923,1.05,44.10
862.00,1.00,0.70,200.00,16.20,0.38505,1.22,47.07
863.00,1.00,0.80,200.00,16.20,0.33692,1.40,60.36
864.00,1.00,0.90,200.00,16.20,0.29949,1.57,63.08
865.00,1.60,0.20,200.00,16.20,2.15629,0.35,11.57
866.00,1.60,0.30,200.00,16.20,1.43753,0.52,14.66
867.00,1.60,0.40,200.00,16.20,1.07815,0.70,21.00
868.00,1.60,0.50,200.00,16.20,0.86252,0.87,25.39
869.00,1.60,0.60,200.00,16.20,0.71876,1.05,27.56
870.00,1.60,0.70,200.00,16.20,0.61608,1.22,29.42
871.00,1.60,0.80,200.00,16.20,0.53907,1.40,37.72
872.00,1.60,0.90,200.00,16.20,0.47918,1.57,39.42
873.00,2.30,0.20,200.00,16.20,3.09967,0.35,8.05
874.00,2.30,0.30,200.00,16.20,2.06645,0.52,10.20
875.00,2.30,0.40,200.00,16.20,1.54984,0.70,14.61
876.00,2.30,0.50,200.00,16.20,1.23987,0.87,17.66
877.00,2.30,0.60,200.00,16.20,1.03322,1.05,19.17
878.00,2.30,0.70,200.00,16.20,0.88562,1.22,20.46
879.00,2.30,0.80,200.00,16.20,0.77492,1.40,26.24
880.00,2.30,0.90,200.00,16.20,0.68882,1.57,27.42
881.00,3.00,0.20,200.00,16.20,4.04305,0.35,6.17
882.00,3.00,0.30,200.00,16.20,2.69537,0.52,7.82
883.00,3.00,0.40,200.00,16.20,2.02153,0.70,11.20
884.00,3.00,0.50,200.00,16.20,1.61722,0.87,13.54
885.00,3.00,0.60,200.00,16.20,1.34768,1.05,14.70
886.00,3.00,0.70,200.00,16.20,1.15516,1.22,15.69
887.00,3.00,0.80,200.00,16.20,1.01076,1.40,20.12
888.00,3.00,0.90,200.00,16.20,0.89846,1.57,21.03
889.00,3.50,0.20,200.00,16.20,4.71690,0.35,5.29
890.00,3.50,0.30,200.00,16.20,3.14460,0.52,6.70
891.00,3.50,0.40,200.00,16.20,2.35845,0.70,9.60
892.00,3.50,0.50,200.00,16.20,1.88676,0.87,11.61
893.00,3.50,0.60,200.00,16.20,1.57230,1.05,12.60
894.00,3.50,0.70,200.00,16.20,1.34768,1.22,13.45
895.00,3.50,0.80,200.00,16.20,1.17922,1.40,17.24
896.00,3.50,0.90,200.00,16.20,1.04820,1.57,18.02
897.00,0.40,0.20,250.00,16.20,0.67384,0.35,47.67
898.00,0.40,0.30,250.00,16.20,0.44923,0.52,63.61
899.00,0.40,0.40,250.00,16.20,0.33692,0.70,86.76
900.00,0.40,0.50,250.00,16.20,0.26954,0.87,105.01
901.00,0.40,0.60,250.00,16.20,0.22461,1.05,108.55
902.00,0.40,0.70,250.00,16.20,0.19253,1.22,135.12
903.00,0.40,0.80,250.00,16.20,0.16846,1.40,141.22
904.00,0.40,0.90,250.00,16.20,0.14974,1.57,149.15
905.00,0.60,0.20,250.00,16.20,1.01076,0.35,31.78
906.00,0.60,0.30,250.00,16.20,0.67384,0.52,42.41
907.00,0.60,0.40,250.00,16.20,0.50538,0.70,57.84
908.00,0.60,0.50,250.00,16.20,0.40431,0.87,70.01
909.00,0.60,0.60,250.00,16.20,0.33692,1.05,72.37
910.00,0.60,0.70,250.00,16.20,0.28879,1.22,90.08
911.00,0.60,0.80,250.00,16.20,0.25269,1.40,94.15
912.00,0.60,0.90,250.00,16.20,0.22461,1.57,99.43
913.00,0.80,0.20,250.00,16.20,1.34768,0.35,23.83
914.00,0.80,0.30,250.00,16.20,0.89846,0.52,31.80
915.00,0.80,0.40,250.00,16.20,0.67384,0.70,43.38
916.00,0.80,0.50,250.00,16.20,0.53907,0.87,52.50
917.00,0.80,0.60,250.00,16.20,0.44923,1.05,54.28
918.00,0.80,0.70,250.00,16.20,0.38505,1.22,67.56
919.00,0.80,0.80,250.00,16.20,0.33692,1.40,70.61
920.00,0.80,0.90,250.00,16.20,0.29949,1.57,74.57
921.00,1.00,0.20,250.00,16.20,1.68461,0.35,19.07
922.00,1.00,0.30,250.00,16.20,1.12307,0.52,25.44
923.00,1.00,0.40,250.00,16.20,0.84230,0.70,34.71
924.00,1.00,0.50,250.00,16.20,0.67384,0.87,42.00
925.00,1.00,0.60,250.00,16.20,0.56154,1.05,43.42
926.00,1.00,0.70,250.00,16.20,0.48132,1.22,54.05
927.00,1.00,0.80,250.00,16.20,0.42115,1.40,56.49
928.00,1.00,0.90,250.00,16.20,0.37436,1.57,59.66
929.00,1.60,0.20,250.00,16.20,2.69537,0.35,11.92
930.00,1.60,0.30,250.00,16.20,1.79691,0.52,15.90
931.00,1.60,0.40,250.00,16.20,1.34768,0.70,21.69
932.00,1.60,0.50,250.00,16.20,1.07815,0.87,26.25
933.00,1.60,0.60,250.00,16.20,0.89846,1.05,27.14
934.00,1.60,0.70,250.00,16.20,0.77011,1.22,33.78
935.00,1.60,0.80,250.00,16.20,0.67384,1.40,35.31
936.00,1.60,0.90,250.00,16.20,0.59897,1.57,37.29
937.00,2.30,0.20,250.00,16.20,3.87459,0.35,8.29
938.00,2.30,0.30,250.00,16.20,2.58306,0.52,11.06
939.00,2.30,0.40,250.00,16.20,1.93730,0.70,15.09
940.00,2.30,0.50,250.00,16.20,1.54984,0.87,18.26
941.00,2.30,0.60,250.00,16.20,1.29153,1.05,18.88
942.00,2.30,0.70,250.00,16.20,1.10703,1.22,23.50
943.00,2.30,0.80,250.00,16.20,0.96865,1.40,24.56
944.00,2.30,0.90,250.00,16.20,0.86102,1.57,25.94
945.00,3.00,0.20,250.00,16.20,5.05382,0.35,6.36
946.00,3.00,0.30,250.00,16.20,3.36921,0.52,8.48
947.00,3.00,0.40,250.00,16.20,2.52691,0.70,11.57
948.00,3.00,0.50,250.00,16.20,2.02153,0.87,14.00
949.00,3.00,0.60,250.00,16.20,1.68461,1.05,14.47
950.00,3.00,0.70,250.00,16.20,1.44395,1.22,18.02
951.00,3.00,0.80,250.00,16.20,1.26345,1.40,18.83
952.00,3.00,0.90,250.00,16.20,1.12307,1.57,19.89
953.00,3.50,0.20,250.00,16.20,5.89612,0.35,5.45
954.00,3.50,0.30,250.00,16.20,3.93075,0.52,7.27
955.00,3.50,0.40,250.00,16.20,2.94806,0.70,9.92
956.00,3.50,0.50,250.00,16.20,2.35845,0.87,12.00
957.00,3.50,0.60,250.00,16.20,1.96537,1.05,12.41
958.00,3.50,0.70,250.00,16.20,1.68461,1.22,15.44
959.00,3.50,0.80,250.00,16.20,1.47403,1.40,16.14
960.00,3.50,0.90,250.00,16.20,1.31025,1.57,17.05
961.00,0.40,0.20,300.00,16.20,0.80861,0.35,48.79
962.00,0.40,0.30,300.00,16.20,0.53907,0.52,69.43
963.00,0.40,0.40,300.00,16.20,0.40431,0.70,89.02
964.00,0.40,0.50,300.00,16.20,0.32344,0.87,107.82
965.00,0.40,0.60,300.00,16.20,0.26954,1.05,126.01
966.00,0.40,0.70,300.00,16.20,0.23103,1.22,129.00
967.00,0.40,0.80,300.00,16.20,0.20215,1.40,160.90
968.00,0.40,0.90,300.00,16.20,0.17969,1.57,165.36
969.00,0.60,0.20,300.00,16.20,1.21292,0.35,32.53
970.00,0.60,0.30,300.00,16.20,0.80861,0.52,46.29
971.00,0.60,0.40,300.00,16.20,0.60646,0.70,59.34
972.00,0.60,0.50,300.00,16.20,0.48517,0.87,71.88
973.00,0.60,0.60,300.00,16.20,0.40431,1.05,84.01
974.00,0.60,0.70,300.00,16.20,0.34655,1.22,86.00
975.00,0.60,0.80,300.00,16.20,0.30323,1.40,107.27
976.00,0.60,0.90,300.00,16.20,0.26954,1.57,110.24
977.00,0.80,0.20,300.00,16.20,1.61722,0.35,24.40
978.00,0.80,0.30,300.00,16.20,1.07815,0.52,34.71
979.00,0.80,0.40,300.00,16.20,0.80861,0.70,44.51
980.00,0.80,0.50,300.00,16.20,0.64689,0.87,53.91
981.00,0.80,0.60,300.00,16.20,0.53907,1.05,63.00
982.00,0.80,0.70,300.00,16.20,0.46206,1.22,64.50
983.00,0.80,0.80,300.00,16.20,0.40431,1.40,80.45
984.00,0.80,0.90,300.00,16.20,0.35938,1.57,82.68
985.00,1.00,0.20,300.00,16.20,2.02153,0.35,19.52
986.00,1.00,0.30,300.00,16.20,1.34768,0.52,27.77
987.00,1.00,0.40,300.00,16.20,1.01076,0.70,35.61
988.00,1.00,0.50,300.00,16.20,0.80861,0.87,43.13
989.00,1.00,0.60,300.00,16.20,0.67384,1.05,50.40
990.00,1.00,0.70,300.00,16.20,0.57758,1.22,51.60
991.00,1.00,0.80,300.00,16.20,0.50538,1.40,64.36
992.00,1.00,0.90,300.00,16.20,0.44923,1.57,66.14
993.00,1.60,0.20,300.00,16.20,3.23444,0.35,12.20
994.00,1.60,0.30,300.00,16.20,2.15629,0.52,17.36
995.00,1.60,0.40,300.00,16.20,1.61722,0.70,22.25
996.00,1.60,0.50,300.00,16.20,1.29378,0.87,26.96
997.00,1.60,0.60,300.00,16.20,1.07815,1.05,31.50
998.00,1.60,0.70,300.00,16.20,0.92413,1.22,32.25
999.00,1.60,0.80,300.00,16.20,0.80861,1.40,40.23
1000.00,1.60,0.90,300.00,16.20,0.71876,1.57,41.34
1001.00,2.30,0.20,300.00,16.20,4.64951,0.35,8.49
1002.00,2.30,0.30,300.00,16.20,3.09967,0.52,12.07
1003.00,2.30,0.40,300.00,16.20,2.32476,0.70,15.48
1004.00,2.30,0.50,300.00,16.20,1.85980,0.87,18.75
1005.00,2.30,0.60,300.00,16.20,1.54984,1.05,21.91
1006.00,2.30,0.70,300.00,16.20,1.32843,1.22,22.43
1007.00,2.30,0.80,300.00,16.20,1.16238,1.40,27.98
1008.00,2.30,0.90,300.00,16.20,1.03322,1.57,28.76
1009.00,3.00,0.20,300.00,16.20,6.06458,0.35,6.51
1010.00,3.00,0.30,300.00,16.20,4.04305,0.52,9.26
1011.00,3.00,0.40,300.00,16.20,3.03229,0.70,11.87
1012.00,3.00,0.50,300.00,16.20,2.42583,0.87,14.38
1013.00,3.00,0.60,300.00,16.20,2.02153,1.05,16.80
1014.00,3.00,0.70,300.00,16.20,1.73274,1.22,17.20
1015.00,3.00,0.80,300.00,16.20,1.51614,1.40,21.45
1016.00,3.00,0.90,300.00,16.20,1.34768,1.57,22.05
1017.00,3.50,0.20,300.00,16.20,7.07534,0.35,5.58
1018.00,3.50,0.30,300.00,16.20,4.71690,0.52,7.93
1019.00,3.50,0.40,300.00,16.20,3.53767,0.70,10.17
1020.00,3.50,0.50,300.00,16.20,2.83014,0.87,12.32
1021.00,3.50,0.60,300.00,16.20,2.35845,1.05,14.40
1022.00,3.50,0.70,300.00,16.20,2.02153,1.22,14.74
1023.00,3.50,0.80,300.00,16.20,1.76884,1.40,18.39
1024.00,3.50,0.90,300.00,16.20,1.57230,1.57,18.90
1025.00,0.40,0.20,20.00,20.20,0.03467,0.12,49.87
1026.00,0.40,0.30,20.00,20.20,0.02311,0.18,58.05
1027.00,0.40,0.40,20.00,20.20,0.01734,0.24,86.51
1028.00,0.40,0.50,20.00,20.20,0.01387,0.30,102.83
1029.00,0.40,0.60,20.00,20.20,0.01156,0.36,105.37
1030.00,0.40,0.70,20.00,20.20,0.00991,0.42,109.98
1031.00,0.40,0.80,20.00,20.20,0.00867,0.48,146.75
1032.00,0.40,0.90,20.00,20.20,0.00770,0.54,146.43
1033.00,0.60,0.20,20.00,20.20,0.05201,0.12,33.25
1034.00,0.60,0.30,20.00,20.20,0.03467,0.18,38.70
1035.00,0.60,0.40,20.00,20.20,0.02600,0.24,57.67
1036.00,0.60,0.50,20.00,20.20,0.02080,0.30,68.56
1037.00,0.60,0.60,20.00,20.20,0.01734,0.36,70.25
1038.00,0.60,0.70,20.00,20.20,0.01486,0.42,73.32
1039.00,0.60,0.80,20.00,20.20,0.01300,0.48,97.83
1040.00,0.60,0.90,20.00,20.20,0.01156,0.54,97.62
1041.00,0.80,0.20,20.00,20.20,0.06934,0.12,24.94
1042.00,0.80,0.30,20.00,20.20,0.04623,0.18,29.03
1043.00,0.80,0.40,20.00,20.20,0.03467,0.24,43.26
1044.00,0.80,0.50,20.00,20.20,0.02774,0.30,51.42
1045.00,0.80,0.60,20.00,20.20,0.02311,0.36,52.69
1046.00,0.80,0.70,20.00,20.20,0.01981,0.42,54.99
1047.00,0.80,0.80,20.00,20.20,0.01734,0.48,73.37
1048.00,0.80,0.90,20.00,20.20,0.01541,0.54,73.22
1049.00,1.00,0.20,20.00,20.20,0.08668,0.12,19.95
1050.00,1.00,0.30,20.00,20.20,0.05779,0.18,23.22
1051.00,1.00,0.40,20.00,20.20,0.04334,0.24,34.60
1052.00,1.00,0.50,20.00,20.20,0.03467,0.30,41.13
1053.00,1.00,0.60,20.00,20.20,0.02889,0.36,42.15
1054.00,1.00,0.70,20.00,20.20,0.02477,0.42,43.99
1055.00,1.00,0.80,20.00,20.20,0.02167,0.48,58.70
1056.00,1.00,0.90,20.00,20.20,0.01926,0.54,58.57
1057.00,1.60,0.20,20.00,20.20,0.13869,0.12,12.47
1058.00,1.60,0.30,20.00,20.20,0.09246,0.18,14.51
1059.00,1.60,0.40,20.00,20.20,0.06934,0.24,21.63
1060.00,1.60,0.50,20.00,20.20,0.05547,0.30,25.71
1061.00,1.60,0.60,20.00,20.20,0.04623,0.36,26.34
1062.00,1.60,0.70,20.00,20.20,0.03962,0.42,27.50
1063.00,1.60,0.80,20.00,20.20,0.03467,0.48,36.69
1064.00,1.60,0.90,20.00,20.20,0.03082,0.54,36.61
1065.00,2.30,0.20,20.00,20.20,0.19936,0.12,8.67
1066.00,2.30,0.30,20.00,20.20,0.13291,0.18,10.10
1067.00,2.30,0.40,20.00,20.20,0.09968,0.24,15.05
1068.00,2.30,0.50,20.00,20.20,0.07974,0.30,17.88
1069.00,2.30,0.60,20.00,20.20,0.06645,0.36,18.33
1070.00,2.30,0.70,20.00,20.20,0.05696,0.42,19.13
1071.00,2.30,0.80,20.00,20.20,0.04984,0.48,25.52
1072.00,2.30,0.90,20.00,20.20,0.04430,0.54,25.47
1073.00,3.00,0.20,20.00,20.20,0.26004,0.12,6.65
1074.00,3.00,0.30,20.00,20.20,0.17336,0.18,7.74
1075.00,3.00,0.40,20.00,20.20,0.13002,0.24,11.53
1076.00,3.00,0.50,20.00,20.20,0.10402,0.30,13.71
1077.00,3.00,0.60,20.00,20.20,0.08668,0.36,14.05
1078.00,3.00,0.70,20.00,20.20,0.07430,0.42,14.66
1079.00,3.00,0.80,20.00,20.20,0.06501,0.48,19.57
1080.00,3.00,0.90,20.00,20.20,0.05779,0.54,19.52
1081.00,3.50,0.20,20.00,20.20,0.30338,0.12,5.70
1082.00,3.50,0.30,20.00,20.20,0.20225,0.18,6.63
1083.00,3.50,0.40,20.00,20.20,0.15169,0.24,9.89
1084.00,3.50,0.50,20.00,20.20,0.12135,0.30,11.75
1085.00,3.50,0.60,20.00,20.20,0.10113,0.36,12.04
1086.00,3.50,0.70,20.00,20.20,0.08668,0.42,12.57
1087.00,3.50,0.80,20.00,20.20,0.07584,0.48,16.77
1088.00,3.50,0.90,20.00,20.20,0.06742,0.54,16.73
1089.00,0.40,0.20,40.00,20.20,0.06934,0.12,56.51
1090.00,0.40,0.30,40.00,20.20,0.04623,0.18,72.52
1091.00,0.40,0.40,40.00,20.20,0.03467,0.24,99.74
1092.00,0.40,0.50,40.00,20.20,0.02774,0.30,119.35
1093.00,0.40,0.60,40.00,20.20,0.02311,0.36,116.10
1094.00,0.40,0.70,40.00,20.20,0.01981,0.42,148.67
1095.00,0.40,0.80,40.00,20.20,0.01734,0.48,173.02
1096.00,0.40,0.90,40.00,20.20,0.01541,0.54,165.36
1097.00,0.60,0.20,40.00,20.20,0.10402,0.12,37.67
1098.00,0.60,0.30,40.00,20.20,0.06934,0.18,48.35
1099.00,0.60,0.40,40.00,20.20,0.05201,0.24,66.50
1100.00,0.60,0.50,40.00,20.20,0.04161,0.30,79.56
1101.00,0.60,0.60,40.00,20.20,0.03467,0.36,77.40
1102.00,0.60,0.70,40.00,20.20,0.02972,0.42,99.11
1103.00,0.60,0.80,40.00,20.20,0.02600,0.48,115.35
1104.00,0.60,0.90,40.00,20.20,0.02311,0.54,110.24
1105.00,0.80,0.20,40.00,20.20,0.13869,0.12,28.26
1106.00,0.80,0.30,40.00,20.20,0.09246,0.18,36.26
1107.00,0.80,0.40,40.00,20.20,0.06934,0.24,49.87
1108.00,0.80,0.50,40.00,20.20,0.05547,0.30,59.67
1109.00,0.80,0.60,40.00,20.20,0.04623,0.36,58.05
1110.00,0.80,0.70,40.00,20.20,0.03962,0.42,74.33
1111.00,0.80,0.80,40.00,20.20,0.03467,0.48,86.51
1112.00,0.80,0.90,40.00,20.20,0.03082,0.54,82.68
1113.00,1.00,0.20,40.00,20.20,0.17336,0.12,22.60
1114.00,1.00,0.30,40.00,20.20,0.11557,0.18,29.01
1115.00,1.00,0.40,40.00,20.20,0.08668,0.24,39.90
1116.00,1.00,0.50,40.00,20.20,0.06934,0.30,47.74
1117.00,1.00,0.60,40.00,20.20,0.05779,0.36,46.44
1118.00,1.00,0.70,40.00,20.20,0.04953,0.42,59.47
1119.00,1.00,0.80,40.00,20.20,0.04334,0.48,69.21
1120.00,1.00,0.90,40.00,20.20,0.03852,0.54,66.14
1121.00,1.60,0.20,40.00,20.20,0.27737,0.12,14.13
1122.00,1.60,0.30,40.00,20.20,0.18492,0.18,18.13
1123.00,1.60,0.40,40.00,20.20,0.13869,0.24,24.94
1124.00,1.60,0.50,40.00,20.20,0.11095,0.30,29.84
1125.00,1.60,0.60,40.00,20.20,0.09246,0.36,29.03
1126.00,1.60,0.70,40.00,20.20,0.07925,0.42,37.17
1127.00,1.60,0.80,40.00,20.20,0.06934,0.48,43.26
1128.00,1.60,0.90,40.00,20.20,0.06164,0.54,41.34
1129.00,2.30,0.20,40.00,20.20,0.39872,0.12,9.83
1130.00,2.30,0.30,40.00,20.20,0.26582,0.18,12.61
1131.00,2.30,0.40,40.00,20.20,0.19936,0.24,17.35
1132.00,2.30,0.50,40.00,20.20,0.15949,0.30,20.76
1133.00,2.30,0.60,40.00,20.20,0.13291,0.36,20.19
1134.00,2.30,0.70,40.00,20.20,0.11392,0.42,25.86
1135.00,2.30,0.80,40.00,20.20,0.09968,0.48,30.09
1136.00,2.30,0.90,40.00,20.20,0.08861,0.54,28.76
1137.00,3.00,0.20,40.00,20.20,0.52008,0.12,7.53
1138.00,3.00,0.30,40.00,20.20,0.34672,0.18,9.67
1139.00,3.00,0.40,40.00,20.20,0.26004,0.24,13.30
1140.00,3.00,0.50,40.00,20.20,0.20803,0.30,15.91
1141.00,3.00,0.60,40.00,20.20,0.17336,0.36,15.48
1142.00,3.00,0.70,40.00,20.20,0.14859,0.42,19.82
1143.00,3.00,0.80,40.00,20.20,0.13002,0.48,23.07
1144.00,3.00,0.90,40.00,20.20,0.11557,0.54,22.05
1145.00,3.50,0.20,40.00,20.20,0.60676,0.12,6.46
1146.00,3.50,0.30,40.00,20.20,0.40450,0.18,8.29
1147.00,3.50,0.40,40.00,20.20,0.30338,0.24,11.40
1148.00,3.50,0.50,40.00,20.20,0.24270,0.30,13.64
1149.00,3.50,0.60,40.00,20.20,0.20225,0.36,13.27
1150.00,3.50,0.70,40.00,20.20,0.17336,0.42,16.99
1151.00,3.50,0.80,40.00,20.20,0.15169,0.48,19.77
1152.00,3.50,0.90,40.00,20.20,0.13483,0.54,18.90
1153.00,0.40,0.20,80.00,20.20,0.13869,0.12,63.16
1154.00,0.40,0.30,80.00,20.20,0.09246,0.18,77.96
1155.00,0.40,0.40,80.00,20.20,0.06934,0.24,113.02
1156.00,0.40,0.50,80.00,20.20,0.05547,0.30,135.93
1157.00,0.40,0.60,80.00,20.20,0.04623,0.36,145.04
1158.00,0.40,0.70,80.00,20.20,0.03962,0.42,165.84
1159.00,0.40,0.80,80.00,20.20,0.03467,0.48,199.49
1160.00,0.40,0.90,80.00,20.20,0.03082,0.54,179.30
1161.00,0.60,0.20,80.00,20.20,0.20803,0.12,42.11
1162.00,0.60,0.30,80.00,20.20,0.13869,0.18,51.97
1163.00,0.60,0.40,80.00,20.20,0.10402,0.24,75.35
1164.00,0.60,0.50,80.00,20.20,0.08321,0.30,90.62
1165.00,0.60,0.60,80.00,20.20,0.06934,0.36,96.69
1166.00,0.60,0.70,80.00,20.20,0.05944,0.42,110.56
1167.00,0.60,0.80,80.00,20.20,0.05201,0.48,132.99
1168.00,0.60,0.90,80.00,20.20,0.04623,0.54,119.54
1169.00,0.80,0.20,80.00,20.20,0.27737,0.12,31.58
1170.00,0.80,0.30,80.00,20.20,0.18492,0.18,38.98
1171.00,0.80,0.40,80.00,20.20,0.13869,0.24,56.51
1172.00,0.80,0.50,80.00,20.20,0.11095,0.30,67.96
1173.00,0.80,0.60,80.00,20.20,0.09246,0.36,72.52
1174.00,0.80,0.70,80.00,20.20,0.07925,0.42,82.92
1175.00,0.80,0.80,80.00,20.20,0.06934,0.48,99.74
1176.00,0.80,0.90,80.00,20.20,0.06164,0.54,89.65
1177.00,1.00,0.20,80.00,20.20,0.34672,0.12,25.27
1178.00,1.00,0.30,80.00,20.20,0.23114,0.18,31.18
1179.00,1.00,0.40,80.00,20.20,0.17336,0.24,45.21
1180.00,1.00,0.50,80.00,20.20,0.13869,0.30,54.37
1181.00,1.00,0.60,80.00,20.20,0.11557,0.36,58.01
1182.00,1.00,0.70,80.00,20.20,0.09906,0.42,66.34
1183.00,1.00,0.80,80.00,20.20,0.08668,0.48,79.79
1184.00,1.00,0.90,80.00,20.20,0.07705,0.54,71.72
1185.00,1.60,0.20,80.00,20.20,0.55475,0.12,15.79
1186.00,1.60,0.30,80.00,20.20,0.36983,0.18,19.49
1187.00,1.60,0.40,80.00,20.20,0.27737,0.24,28.26
1188.00,1.60,0.50,80.00,20.20,0.22190,0.30,33.98
1189.00,1.60,0.60,80.00,20.20,0.18492,0.36,36.26
1190.00,1.60,0.70,80.00,20.20,0.15850,0.42,41.46
1191.00,1.60,0.80,80.00,20.20,0.13869,0.48,49.87
1192.00,1.60,0.90,80.00,20.20,0.12328,0.54,44.83
1193.00,2.30,0.20,80.00,20.20,0.79745,0.12,10.98
1194.00,2.30,0.30,80.00,20.20,0.53163,0.18,13.56
1195.00,2.30,0.40,80.00,20.20,0.39872,0.24,19.66
1196.00,2.30,0.50,80.00,20.20,0.31898,0.30,23.64
1197.00,2.30,0.60,80.00,20.20,0.26582,0.36,25.22
1198.00,2.30,0.70,80.00,20.20,0.22784,0.42,28.84
1199.00,2.30,0.80,80.00,20.20,0.19936,0.48,34.69
1200.00,2.30,0.90,80.00,20.20,0.17721,0.54,31.18
1201.00,3.00,0.20,80.00,20.20,1.04015,0.12,8.42
1202.00,3.00,0.30,80.00,20.20,0.69343,0.18,10.39
1203.00,3.00,0.40,80.00,20.20,0.52008,0.24,15.07
1204.00,3.00,0.50,80.00,20.20,0.41606,0.30,18.12
1205.00,3.00,0.60,80.00,20.20,0.34672,0.36,19.34
1206.00,3.00,0.70,80.00,20.20,0.29719,0.42,22.11
1207.00,3.00,0.80,80.00,20.20,0.26004,0.48,26.60
1208.00,3.00,0.90,80.00,20.20,0.23114,0.54,23.91
1209.00,3.50,0.20,80.00,20.20,1.21351,0.12,7.22
1210.00,3.50,0.30,80.00,20.20,0.80901,0.18,8.91
1211.00,3.50,0.40,80.00,20.20,0.60676,0.24,12.92
1212.00,3.50,0.50,80.00,20.20,0.48540,0.30,15.53
1213.00,3.50,0.60,80.00,20.20,0.40450,0.36,16.58
1214.00,3.50,0.70,80.00,20.20,0.34672,0.42,18.95
1215.00,3.50,0.80,80.00,20.20,0.30338,0.48,22.80
1216.00,3.50,0.90,80.00,20.20,0.26967,0.54,20.49
1217.00,0.40,0.20,120.00,20.20,0.20803,0.12,67.06
1218.00,0.40,0.30,120.00,20.20,0.13869,0.18,94.74
1219.00,0.40,0.40,120.00,20.20,0.10402,0.24,120.80
1220.00,0.40,0.50,120.00,20.20,0.08321,0.30,145.65
1221.00,0.40,0.60,120.00,20.20,0.06934,0.36,169.53
1222.00,0.40,0.70,120.00,20.20,0.05944,0.42,174.29
1223.00,0.40,0.80,120.00,20.20,0.05201,0.48,215.01
1224.00,0.40,0.90,120.00,20.20,0.04623,0.54,217.55
1225.00,0.60,0.20,120.00,20.20,0.31205,0.12,44.70
1226.00,0.60,0.30,120.00,20.20,0.20803,0.18,63.16
1227.00,0.60,0.40,120.00,20.20,0.15602,0.24,80.54
1228.00,0.60,0.50,120.00,20.20,0.12482,0.30,97.10
1229.00,0.60,0.60,120.00,20.20,0.10402,0.36,113.02
1230.00,0.60,0.70,120.00,20.20,0.08916,0.42,116.19
1231.00,0.60,0.80,120.00,20.20,0.07801,0.48,143.34
1232.00,0.60,0.90,120.00,20.20,0.06934,0.54,145.04
1233.00,0.80,0.20,120.00,20.20,0.41606,0.12,33.53
1234.00,0.80,0.30,120.00,20.20,0.27737,0.18,47.37
1235.00,0.80,0.40,120.00,20.20,0.20803,0.24,60.40
1236.00,0.80,0.50,120.00,20.20,0.16642,0.30,72.83
1237.00,0.80,0.60,120.00,20.20,0.13869,0.36,84.77
1238.00,0.80,0.70,120.00,20.20,0.11887,0.42,87.14
1239.00,0.80,0.80,120.00,20.20,0.10402,0.48,107.51
1240.00,0.80,0.90,120.00,20.20,0.09246,0.54,108.78
1241.00,1.00,0.20,120.00,20.20,0.52008,0.12,26.82
1242.00,1.00,0.30,120.00,20.20,0.34672,0.18,37.90
1243.00,1.00,0.40,120.00,20.20,0.26004,0.24,48.32
1244.00,1.00,0.50,120.00,20.20,0.20803,0.30,58.26
1245.00,1.00,0.60,120.00,20.20,0.17336,0.36,67.81
1246.00,1.00,0.70,120.00,20.20,0.14859,0.42,69.71
1247.00,1.00,0.80,120.00,20.20,0.13002,0.48,86.01
1248.00,1.00,0.90,120.00,20.20,0.11557,0.54,87.02
1249.00,1.60,0.20,120.00,20.20,0.83212,0.12,16.76
1250.00,1.60,0.30,120.00,20.20,0.55475,0.18,23.69
1251.00,1.60,0.40,120.00,20.20,0.41606,0.24,30.20
1252.00,1.60,0.50,120.00,20.20,0.33285,0.30,36.41
1253.00,1.60,0.60,120.00,20.20,0.27737,0.36,42.38
1254.00,1.60,0.70,120.00,20.20,0.23775,0.42,43.57
1255.00,1.60,0.80,120.00,20.20,0.20803,0.48,53.75
1256.00,1.60,0.90,120.00,20.20,0.18492,0.54,54.39
1257.00,2.30,0.20,120.00,20.20,1.19617,0.12,11.66
1258.00,2.30,0.30,120.00,20.20,0.79745,0.18,16.48
1259.00,2.30,0.40,120.00,20.20,0.59809,0.24,21.01
1260.00,2.30,0.50,120.00,20.20,0.47847,0.30,25.33
1261.00,2.30,0.60,120.00,20.20,0.39872,0.36,29.48
1262.00,2.30,0.70,120.00,20.20,0.34176,0.42,30.31
1263.00,2.30,0.80,120.00,20.20,0.29904,0.48,37.39
1264.00,2.30,0.90,120.00,20.20,0.26582,0.54,37.84
1265.00,3.00,0.20,120.00,20.20,1.56023,0.12,8.94
1266.00,3.00,0.30,120.00,20.20,1.04015,0.18,12.63
1267.00,3.00,0.40,120.00,20.20,0.78011,0.24,16.11
1268.00,3.00,0.50,120.00,20.20,0.62409,0.30,19.42
1269.00,3.00,0.60,120.00,20.20,0.52008,0.36,22.60
1270.00,3.00,0.70,120.00,20.20,0.44578,0.42,23.24
1271.00,3.00,0.80,120.00,20.20,0.39006,0.48,28.67
1272.00,3.00,0.90,120.00,20.20,0.34672,0.54,29.01
1273.00,3.50,0.20,120.00,20.20,1.82027,0.12,7.66
1274.00,3.50,0.30,120.00,20.20,1.21351,0.18,10.83
1275.00,3.50,0.40,120.00,20.20,0.91013,0.24,13.81
1276.00,3.50,0.50,120.00,20.20,0.72811,0.30,16.65
1277.00,3.50,0.60,120.00,20.20,0.60676,0.36,19.38
1278.00,3.50,0.70,120.00,20.20,0.52008,0.42,19.92
1279.00,3.50,0.80,120.00,20.20,0.45507,0.48,24.57
1280.00,3.50,0.90,120.00,20.20,0.40450,0.54,24.86
1281.00,0.40,0.20,160.00,20.20,0.27737,0.12,69.82
1282.00,0.40,0.30,160.00,20.20,0.18492,0.18,92.47
1283.00,0.40,0.40,160.00,20.20,0.13869,0.24,126.33
1284.00,0.40,0.50,160.00,20.20,0.11095,0.30,152.55
1285.00,0.40,0.60,160.00,20.20,0.09246,0.36,155.92
1286.00,0.40,0.70,160.00,20.20,0.07925,0.42,179.44
1287.00,0.40,0.80,160.00,20.20,0.06934,0.48,226.05
1288.00,0.40,0.90,160.00,20.20,0.06164,0.54,212.63
1289.00,0.60,0.20,160.00,20.20,0.41606,0.12,46.55
1290.00,0.60,0.30,160.00,20.20,0.27737,0.18,61.65
1291.00,0.60,0.40,160.00,20.20,0.20803,0.24,84.22
1292.00,0.60,0.50,160.00,20.20,0.16642,0.30,101.70
1293.00,0.60,0.60,160.00,20.20,0.13869,0.36,103.95
1294.00,0.60,0.70,160.00,20.20,0.11887,0.42,119.63
1295.00,0.60,0.80,160.00,20.20,0.10402,0.48,150.70
1296.00,0.60,0.90,160.00,20.20,0.09246,0.54,141.75
1297.00,0.80,0.20,160.00,20.20,0.55475,0.12,34.91
1298.00,0.80,0.30,160.00,20.20,0.36983,0.18,46.23
1299.00,0.80,0.40,160.00,20.20,0.27737,0.24,63.16
1300.00,0.80,0.50,160.00,20.20,0.22190,0.30,76.28
1301.00,0.80,0.60,160.00,20.20,0.18492,0.36,77.96
1302.00,0.80,0.70,160.00,20.20,0.15850,0.42,89.72
1303.00,0.80,0.80,160.00,20.20,0.13869,0.48,113.02
1304.00,0.80,0.90,160.00,20.20,0.12328,0.54,106.32
1305.00,1.00,0.20,160.00,20.20,0.69343,0.12,27.93
1306.00,1.00,0.30,160.00,20.20,0.46229,0.18,36.99
1307.00,1.00,0.40,160.00,20.20,0.34672,0.24,50.53
1308.00,1.00,0.50,160.00,20.20,0.27737,0.30,61.02
1309.00,1.00,0.60,160.00,20.20,0.23114,0.36,62.37
1310.00,1.00,0.70,160.00,20.20,0.19812,0.42,71.78
1311.00,1.00,0.80,160.00,20.20,0.17336,0.48,90.42
1312.00,1.00,0.90,160.00,20.20,0.15410,0.54,85.05
1313.00,1.60,0.20,160.00,20.20,1.10950,0.12,17.46
1314.00,1.60,0.30,160.00,20.20,0.73966,0.18,23.12
1315.00,1.60,0.40,160.00,20.20,0.55475,0.24,31.58
1316.00,1.60,0.50,160.00,20.20,0.44380,0.30,38.14
1317.00,1.60,0.60,160.00,20.20,0.36983,0.36,38.98
1318.00,1.60,0.70,160.00,20.20,0.31700,0.42,44.86
1319.00,1.60,0.80,160.00,20.20,0.27737,0.48,56.51
1320.00,1.60,0.90,160.00,20.20,0.24655,0.54,53.16
1321.00,2.30,0.20,160.00,20.20,1.59490,0.12,12.14
1322.00,2.30,0.30,160.00,20.20,1.06327,0.18,16.08
1323.00,2.30,0.40,160.00,20.20,0.79745,0.24,21.97
1324.00,2.30,0.50,160.00,20.20,0.63796,0.30,26.53
1325.00,2.30,0.60,160.00,20.20,0.53163,0.36,27.12
1326.00,2.30,0.70,160.00,20.20,0.45569,0.42,31.21
1327.00,2.30,0.80,160.00,20.20,0.39872,0.48,39.31
1328.00,2.30,0.90,160.00,20.20,0.35442,0.54,36.98
1329.00,3.00,0.20,160.00,20.20,2.08030,0.12,9.31
1330.00,3.00,0.30,160.00,20.20,1.38687,0.18,12.33
1331.00,3.00,0.40,160.00,20.20,1.04015,0.24,16.84
1332.00,3.00,0.50,160.00,20.20,0.83212,0.30,20.34
1333.00,3.00,0.60,160.00,20.20,0.69343,0.36,20.79
1334.00,3.00,0.70,160.00,20.20,0.59437,0.42,23.93
1335.00,3.00,0.80,160.00,20.20,0.52008,0.48,30.14
1336.00,3.00,0.90,160.00,20.20,0.46229,0.54,28.35
1337.00,3.50,0.20,160.00,20.20,2.42702,0.12,7.98
1338.00,3.50,0.30,160.00,20.20,1.61801,0.18,10.57
1339.00,3.50,0.40,160.00,20.20,1.21351,0.24,14.44
1340.00,3.50,0.50,160.00,20.20,0.97081,0.30,17.43
1341.00,3.50,0.60,160.00,20.20,0.80901,0.36,17.82
1342.00,3.50,0.70,160.00,20.20,0.69343,0.42,20.51
1343.00,3.50,0.80,160.00,20.20,0.60676,0.48,25.83
1344.00,3.50,0.90,160.00,20.20,0.53934,0.54,24.30
1345.00,0.40,0.20,200.00,20.20,0.34672,0.12,71.97
1346.00,0.40,0.30,200.00,20.20,0.23114,0.18,91.16
1347.00,0.40,0.40,200.00,20.20,0.17336,0.24,130.61
1348.00,0.40,0.50,200.00,20.20,0.13869,0.30,157.91
1349.00,0.40,0.60,200.00,20.20,0.11557,0.36,171.40
1350.00,0.40,0.70,200.00,20.20,0.09906,0.42,182.95
1351.00,0.40,0.80,200.00,20.20,0.08668,0.48,234.61
1352.00,0.40,0.90,200.00,20.20,0.07705,0.54,245.18
1353.00,0.60,0.20,200.00,20.20,0.52008,0.12,47.98
1354.00,0.60,0.30,200.00,20.20,0.34672,0.18,60.77
1355.00,0.60,0.40,200.00,20.20,0.26004,0.24,87.07
1356.00,0.60,0.50,200.00,20.20,0.20803,0.30,105.27
1357.00,0.60,0.60,200.00,20.20,0.17336,0.36,114.27
1358.00,0.60,0.70,200.00,20.20,0.14859,0.42,121.96
1359.00,0.60,0.80,200.00,20.20,0.13002,0.48,156.40
1360.00,0.60,0.90,200.00,20.20,0.11557,0.54,163.45
1361.00,0.80,0.20,200.00,20.20,0.69343,0.12,35.98
1362.00,0.80,0.30,200.00,20.20,0.46229,0.18,45.58
1363.00,0.80,0.40,200.00,20.20,0.34672,0.24,65.31
1364.00,0.80,0.50,200.00,20.20,0.27737,0.30,78.95
1365.00,0.80,0.60,200.00,20.20,0.23114,0.36,85.70
1366.00,0.80,0.70,200.00,20.20,0.19812,0.42,91.47
1367.00,0.80,0.80,200.00,20.20,0.17336,0.48,117.30
1368.00,0.80,0.90,200.00,20.20,0.15410,0.54,122.59
1369.00,1.00,0.20,200.00,20.20,0.86679,0.12,28.79
1370.00,1.00,0.30,200.00,20.20,0.57786,0.18,36.46
1371.00,1.00,0.40,200.00,20.20,0.43340,0.24,52.24
1372.00,1.00,0.50,200.00,20.20,0.34672,0.30,63.16
1373.00,1.00,0.60,200.00,20.20,0.28893,0.36,68.56
1374.00,1.00,0.70,200.00,20.20,0.24766,0.42,73.18
1375.00,1.00,0.80,200.00,20.20,0.21670,0.48,93.84
1376.00,1.00,0.90,200.00,20.20,0.19262,0.54,98.07
1377.00,1.60,0.20,200.00,20.20,1.38687,0.12,17.99
1378.00,1.60,0.30,200.00,20.20,0.92458,0.18,22.79
1379.00,1.60,0.40,200.00,20.20,0.69343,0.24,32.65
1380.00,1.60,0.50,200.00,20.20,0.55475,0.30,39.48
1381.00,1.60,0.60,200.00,20.20,0.46229,0.36,42.85
1382.00,1.60,0.70,200.00,20.20,0.39625,0.42,45.74
1383.00,1.60,0.80,200.00,20.20,0.34672,0.48,58.65
1384.00,1.60,0.90,200.00,20.20,0.30819,0.54,61.29
1385.00,2.30,0.20,200.00,20.20,1.99362,0.12,12.52
1386.00,2.30,0.30,200.00,20.20,1.32908,0.18,15.85
1387.00,2.30,0.40,200.00,20.20,0.99681,0.24,22.72
1388.00,2.30,0.50,200.00,20.20,0.79745,0.30,27.46
1389.00,2.30,0.60,200.00,20.20,0.66454,0.36,29.81
1390.00,2.30,0.70,200.00,20.20,0.56961,0.42,31.82
1391.00,2.30,0.80,200.00,20.20,0.49841,0.48,40.80
1392.00,2.30,0.90,200.00,20.20,0.44303,0.54,42.64
1393.00,3.00,0.20,200.00,20.20,2.60038,0.12,9.60
1394.00,3.00,0.30,200.00,20.20,1.73359,0.18,12.15
1395.00,3.00,0.40,200.00,20.20,1.30019,0.24,17.41
1396.00,3.00,0.50,200.00,20.20,1.04015,0.30,21.05
1397.00,3.00,0.60,200.00,20.20,0.86679,0.36,22.85
1398.00,3.00,0.70,200.00,20.20,0.74297,0.42,24.39
1399.00,3.00,0.80,200.00,20.20,0.65009,0.48,31.28
1400.00,3.00,0.90,200.00,20.20,0.57786,0.54,32.69
1401.00,3.50,0.20,200.00,20.20,3.03378,0.12,8.22
1402.00,3.50,0.30,200.00,20.20,2.02252,0.18,10.42
1403.00,3.50,0.40,200.00,20.20,1.51689,0.24,14.93
1404.00,3.50,0.50,200.00,20.20,1.21351,0.30,18.05
1405.00,3.50,0.60,200.00,20.20,1.01126,0.36,19.59
1406.00,3.50,0.70,200.00,20.20,0.86679,0.42,20.91
1407.00,3.50,0.80,200.00,20.20,0.75844,0.48,26.81
1408.00,3.50,0.90,200.00,20.20,0.67417,0.54,28.02
1409.00,0.40,0.20,250.00,20.20,0.43340,0.12,74.11
1410.00,0.40,0.30,250.00,20.20,0.28893,0.18,98.90
1411.00,0.40,0.40,250.00,20.20,0.21670,0.24,134.90
1412.00,0.40,0.50,250.00,20.20,0.17336,0.30,163.27
1413.00,0.40,0.60,250.00,20.20,0.14447,0.36,168.77
1414.00,0.40,0.70,250.00,20.20,0.12383,0.42,210.09
1415.00,0.40,0.80,250.00,20.20,0.10835,0.48,219.57
1416.00,0.40,0.90,250.00,20.20,0.09631,0.54,231.90
1417.00,0.60,0.20,250.00,20.20,0.65009,0.12,49.41
1418.00,0.60,0.30,250.00,20.20,0.43340,0.18,65.93
1419.00,0.60,0.40,250.00,20.20,0.32505,0.24,89.93
1420.00,0.60,0.50,250.00,20.20,0.26004,0.30,108.84
1421.00,0.60,0.60,250.00,20.20,0.21670,0.36,112.52
1422.00,0.60,0.70,250.00,20.20,0.18574,0.42,140.06
1423.00,0.60,0.80,250.00,20.20,0.16252,0.48,146.38
1424.00,0.60,0.90,250.00,20.20,0.14447,0.54,154.60
1425.00,0.80,0.20,250.00,20.20,0.86679,0.12,37.05
1426.00,0.80,0.30,250.00,20.20,0.57786,0.18,49.45
1427.00,0.80,0.40,250.00,20.20,0.43340,0.24,67.45
1428.00,0.80,0.50,250.00,20.20,0.34672,0.30,81.63
1429.00,0.80,0.60,250.00,20.20,0.28893,0.36,84.39
1430.00,0.80,0.70,250.00,20.20,0.24766,0.42,105.04
1431.00,0.80,0.80,250.00,20.20,0.21670,0.48,109.79
1432.00,0.80,0.90,250.00,20.20,0.19262,0.54,115.95
1433.00,1.00,0.20,250.00,20.20,1.08349,0.12,29.64
1434.00,1.00,0.30,250.00,20.20,0.72233,0.18,39.56
1435.00,1.00,0.40,250.00,20.20,0.54175,0.24,53.96
1436.00,1.00,0.50,250.00,20.20,0.43340,0.30,65.31
1437.00,1.00,0.60,250.00,20.20,0.36116,0.36,67.51
1438.00,1.00,0.70,250.00,20.20,0.30957,0.42,84.04
1439.00,1.00,0.80,250.00,20.20,0.27087,0.48,87.83
1440.00,1.00,0.90,250.00,20.20,0.24078,0.54,92.76
1441.00,1.60,0.20,250.00,20.20,1.73359,0.12,18.53
1442.00,1.60,0.30,250.00,20.20,1.15572,0.18,24.72
1443.00,1.60,0.40,250.00,20.20,0.86679,0.24,33.72
1444.00,1.60,0.50,250.00,20.20,0.69343,0.30,40.82
1445.00,1.60,0.60,250.00,20.20,0.57786,0.36,42.19
1446.00,1.60,0.70,250.00,20.20,0.49531,0.42,52.52
1447.00,1.60,0.80,250.00,20.20,0.43340,0.48,54.89
1448.00,1.60,0.90,250.00,20.20,0.38524,0.54,57.97
1449.00,2.30,0.20,250.00,20.20,2.49203,0.12,12.89
1450.00,2.30,0.30,250.00,20.20,1.66135,0.18,17.20
1451.00,2.30,0.40,250.00,20.20,1.24602,0.24,23.46
1452.00,2.30,0.50,250.00,20.20,0.99681,0.30,28.39
1453.00,2.30,0.60,250.00,20.20,0.83068,0.36,29.35
1454.00,2.30,0.70,250.00,20.20,0.71201,0.42,36.54
1455.00,2.30,0.80,250.00,20.20,0.62301,0.48,38.19
1456.00,2.30,0.90,250.00,20.20,0.55378,0.54,40.33
1457.00,3.00,0.20,250.00,20.20,3.25047,0.12,9.88
1458.00,3.00,0.30,250.00,20.20,2.16698,0.18,13.19
1459.00,3.00,0.40,250.00,20.20,1.62524,0.24,17.99
1460.00,3.00,0.50,250.00,20.20,1.30019,0.30,21.77
1461.00,3.00,0.60,250.00,20.20,1.08349,0.36,22.50
1462.00,3.00,0.70,250.00,20.20,0.92871,0.42,28.01
1463.00,3.00,0.80,250.00,20.20,0.81262,0.48,29.28
1464.00,3.00,0.90,250.00,20.20,0.72233,0.54,30.92
1465.00,3.50,0.20,250.00,20.20,3.79222,0.12,8.47
1466.00,3.50,0.30,250.00,20.20,2.52815,0.18,11.30
1467.00,3.50,0.40,250.00,20.20,1.89611,0.24,15.42
1468.00,3.50,0.50,250.00,20.20,1.51689,0.30,18.66
1469.00,3.50,0.60,250.00,20.20,1.26407,0.36,19.29
1470.00,3.50,0.70,250.00,20.20,1.08349,0.42,24.01
1471.00,3.50,0.80,250.00,20.20,0.94806,0.48,25.09
1472.00,3.50,0.90,250.00,20.20,0.84272,0.54,26.50
1473.00,0.40,0.20,300.00,20.20,0.52008,0.12,75.86
1474.00,0.40,0.30,300.00,20.20,0.34672,0.18,107.95
1475.00,0.40,0.40,300.00,20.20,0.26004,0.24,138.40
1476.00,0.40,0.50,300.00,20.20,0.20803,0.30,167.64
1477.00,0.40,0.60,300.00,20.20,0.17336,0.36,195.92
1478.00,0.40,0.70,300.00,20.20,0.14859,0.42,200.56
1479.00,0.40,0.80,300.00,20.20,0.13002,0.48,250.17
1480.00,0.40,0.90,300.00,20.20,0.11557,0.54,257.10
1481.00,0.60,0.20,300.00,20.20,0.78011,0.12,50.57
1482.00,0.60,0.30,300.00,20.20,0.52008,0.18,71.97
1483.00,0.60,0.40,300.00,20.20,0.39006,0.24,92.27
1484.00,0.60,0.50,300.00,20.20,0.31205,0.30,111.76
1485.00,0.60,0.60,300.00,20.20,0.26004,0.36,130.61
1486.00,0.60,0.70,300.00,20.20,0.22289,0.42,133.71
1487.00,0.60,0.80,300.00,20.20,0.19503,0.48,166.78
1488.00,0.60,0.90,300.00,20.20,0.17336,0.54,171.40
1489.00,0.80,0.20,300.00,20.20,1.04015,0.12,37.93
1490.00,0.80,0.30,300.00,20.20,0.69343,0.18,53.97
1491.00,0.80,0.40,300.00,20.20,0.52008,0.24,69.20
1492.00,0.80,0.50,300.00,20.20,0.41606,0.30,83.82
1493.00,0.80,0.60,300.00,20.20,0.34672,0.36,97.96
1494.00,0.80,0.70,300.00,20.20,0.29719,0.42,100.28
1495.00,0.80,0.80,300.00,20.20,0.26004,0.48,125.09
1496.00,0.80,0.90,300.00,20.20,0.23114,0.54,128.55
1497.00,1.00,0.20,300.00,20.20,1.30019,0.12,30.34
1498.00,1.00,0.30,300.00,20.20,0.86679,0.18,43.18
1499.00,1.00,0.40,300.00,20.20,0.65009,0.24,55.36
1500.00,1.00,0.50,300.00,20.20,0.52008,0.30,67.06
1501.00,1.00,0.60,300.00,20.20,0.43340,0.36,78.37
1502.00,1.00,0.70,300.00,20.20,0.37148,0.42,80.22
1503.00,1.00,0.80,300.00,20.20,0.32505,0.48,100.07
1504.00,1.00,0.90,300.00,20.20,0.28893,0.54,102.84
1505.00,1.60,0.20,300.00,20.20,2.08030,0.12,18.97
1506.00,1.60,0.30,300.00,20.20,1.38687,0.18,26.99
1507.00,1.60,0.40,300.00,20.20,1.04015,0.24,34.60
1508.00,1.60,0.50,300.00,20.20,0.83212,0.30,41.91
1509.00,1.60,0.60,300.00,20.20,0.69343,0.36,48.98
1510.00,1.60,0.70,300.00,20.20,0.59437,0.42,50.14
1511.00,1.60,0.80,300.00,20.20,0.52008,0.48,62.54
1512.00,1.60,0.90,300.00,20.20,0.46229,0.54,64.27
1513.00,2.30,0.20,300.00,20.20,2.99044,0.12,13.19
1514.00,2.30,0.30,300.00,20.20,1.99362,0.18,18.77
1515.00,2.30,0.40,300.00,20.20,1.49522,0.24,24.07
1516.00,2.30,0.50,300.00,20.20,1.19617,0.30,29.16
1517.00,2.30,0.60,300.00,20.20,0.99681,0.36,34.07
1518.00,2.30,0.70,300.00,20.20,0.85441,0.42,34.88
1519.00,2.30,0.80,300.00,20.20,0.74761,0.48,43.51
1520.00,2.30,0.90,300.00,20.20,0.66454,0.54,44.71
1521.00,3.00,0.20,300.00,20.20,3.90057,0.12,10.11
1522.00,3.00,0.30,300.00,20.20,2.60038,0.18,14.39
1523.00,3.00,0.40,300.00,20.20,1.95028,0.24,18.45
1524.00,3.00,0.50,300.00,20.20,1.56023,0.30,22.35
1525.00,3.00,0.60,300.00,20.20,1.30019,0.36,26.12
1526.00,3.00,0.70,300.00,20.20,1.11445,0.42,26.74
1527.00,3.00,0.80,300.00,20.20,0.97514,0.48,33.36
1528.00,3.00,0.90,300.00,20.20,0.86679,0.54,34.28
1529.00,3.50,0.20,300.00,20.20,4.55066,0.12,8.67
1530.00,3.50,0.30,300.00,20.20,3.03378,0.18,12.34
1531.00,3.50,0.40,300.00,20.20,2.27533,0.24,15.82
1532.00,3.50,0.50,300.00,20.20,1.82027,0.30,19.16
1533.00,3.50,0.60,300.00,20.20,1.51689,0.36,22.39
1534.00,3.50,0.70,300.00,20.20,1.30019,0.42,22.92
1535.00,3.50,0.80,300.00,20.20,1.13767,0.48,28.59
1536.00,3.50,0.90,300.00,20.20,1.01126,0.54,29.38
